,期數,one,two,three,four,five,six,特別號
0,2214,1,13,18,23,30,44,42
1,2213,8,11,15,23,24,29,06
2,2212,8,24,26,30,47,49,35
3,2211,11,15,24,25,33,40,42
4,2210,4,18,23,28,36,45,33
5,2209,14,18,27,32,37,38,01
6,2208,5,7,18,22,33,43,27
7,2207,23,26,27,39,40,48,07
8,2206,7,13,17,23,29,46,49
9,2205,2,3,17,34,38,48,14
10,2204,7,11,20,28,41,49,32
11,2203,1,5,7,9,10,15,03
12,2202,1,7,12,18,27,33,20
13,2201,9,16,22,38,40,46,11
14,2200,6,22,23,31,36,45,12
15,2199,1,3,9,13,34,35,27
16,2198,4,17,21,32,36,46,27
17,2197,1,20,22,27,31,41,02
18,2196,5,8,14,22,31,48,33
19,2195,16,17,21,42,48,49,37
20,2194,1,21,22,45,46,49,14
21,2193,1,9,11,23,29,34,06
22,2192,4,10,11,18,29,38,28
23,2191,1,4,5,29,33,44,39
24,2190,4,10,25,26,38,49,34
25,2189,14,17,22,29,30,31,38
26,2188,2,11,14,20,27,30,19
27,2187,4,21,24,39,45,46,40
28,2186,3,9,19,33,40,41,26
29,2185,7,17,20,34,36,44,23
30,2184,18,19,21,30,38,48,07
31,2183,2,9,21,35,36,40,44
32,2182,9,10,23,30,38,48,16
33,2181,5,14,17,33,41,47,16
34,2180,8,12,20,25,37,46,02
35,2179,2,13,17,23,30,46,08
36,2178,1,2,11,19,40,48,04
37,2177,2,32,33,35,36,44,48
38,2176,1,4,20,27,32,39,15
39,2175,17,19,25,35,41,44,26
40,2174,2,14,18,19,40,43,42
41,2173,10,18,22,23,29,32,45
42,2172,6,13,31,42,43,45,34
43,2171,15,20,24,34,42,44,07
44,2170,4,12,19,20,25,26,08
45,2169,13,15,16,32,34,46,10
46,2168,1,7,13,29,32,44,20
47,2167,5,8,12,17,20,37,45
48,2166,5,8,23,34,41,44,07
49,2165,14,16,21,28,43,46,26
50,2164,7,21,26,30,38,47,15
51,2163,3,12,13,19,24,45,40
52,2162,6,11,22,25,32,33,24
53,2161,7,14,25,28,33,40,26
54,2160,13,14,18,23,29,35,45
55,2159,8,15,25,30,34,40,42
56,2158,13,24,28,29,31,44,10
57,2157,2,5,23,27,36,43,20
58,2156,8,27,28,37,38,49,33
59,2155,1,2,13,23,35,43,18
60,1914,13,16,24,26,40,44,42
61,1913,10,12,24,25,26,33,23
62,1912,10,13,35,38,42,44,27
63,1911,7,12,16,17,20,25,31
64,1910,9,11,14,22,27,49,44
65,1909,18,24,28,31,39,49,44
66,1908,11,12,15,21,38,42,25
67,1907,9,16,28,36,42,45,02
68,1906,2,7,20,23,44,47,30
69,1905,7,10,15,37,42,45,41
70,1904,5,10,13,43,44,45,07
71,1903,16,18,19,36,42,47,46
72,1902,21,27,28,33,37,48,13
73,1901,21,32,36,37,44,46,47
74,1900,5,17,22,34,38,48,02
75,1899,3,7,15,25,26,47,10
76,1898,2,13,15,38,39,44,08
77,1897,3,7,14,21,25,29,06
78,1896,11,13,41,42,43,49,29
79,1895,7,10,12,16,26,49,40
80,1894,6,8,30,34,36,42,12
81,1893,1,8,28,31,36,45,09
82,1892,12,19,21,24,36,49,23
83,1891,3,4,7,8,26,36,31
84,1890,3,13,20,24,43,48,49
85,1889,12,17,29,31,41,47,38
86,1888,1,3,5,20,35,39,28
87,1887,30,31,35,40,42,48,06
88,1886,6,17,18,19,20,42,25
89,1885,10,11,31,34,37,38,14
90,1884,21,24,26,42,43,46,04
91,1883,9,12,26,29,44,45,19
92,1882,4,12,20,37,42,47,35
93,1881,2,5,10,27,36,46,07
94,1880,6,11,16,29,30,37,34
95,1879,2,6,9,16,39,49,29
96,1878,2,5,13,37,42,44,27
97,1877,7,26,30,33,34,38,05
98,1876,12,15,17,30,31,43,46
99,1875,1,5,11,23,34,47,14
100,1874,4,21,25,29,32,37,27
101,1873,14,17,23,24,25,37,34
102,1872,1,18,22,27,45,48,25
103,1871,6,8,12,16,32,49,37
104,1870,2,6,10,20,38,40,46
105,1869,13,17,25,27,46,49,19
106,1868,6,9,23,25,41,43,38
107,1867,10,12,20,22,25,33,27
108,1866,17,18,28,32,33,48,37
109,1865,15,20,28,29,42,46,35
110,1864,14,22,28,33,44,46,25
111,1863,2,10,12,21,25,35,26
112,1862,7,9,10,14,22,31,35
113,1861,2,17,23,30,34,41,14
114,1860,5,7,17,18,27,48,30
115,1859,13,16,17,18,22,45,10
116,1858,11,34,36,43,47,49,21
117,1857,5,7,14,17,46,47,27
118,1856,6,15,25,29,32,46,09
119,1855,4,5,10,13,28,35,12
120,1854,17,18,20,26,31,32,06
121,1853,8,16,21,30,42,46,32
122,1852,5,7,9,13,15,29,47
123,1851,14,15,16,25,27,30,11
124,1850,1,2,14,37,43,49,24
125,1849,16,21,27,37,40,43,14
126,1848,10,21,24,33,40,47,05
127,1847,8,18,19,28,37,44,13
128,1846,3,14,16,18,38,49,29
129,1845,8,15,31,35,42,44,39
130,1844,10,19,25,32,33,37,27
131,1843,1,25,30,33,39,40,07
132,1842,14,15,28,31,32,48,40
133,1841,12,19,24,43,46,47,30
134,1840,1,4,12,14,35,47,33
135,1839,2,25,30,36,37,43,22
136,1838,6,8,10,21,25,29,33
137,1837,1,7,14,31,34,42,16
138,1836,12,14,17,20,40,48,19
139,1835,1,7,13,32,35,39,31
140,1834,3,4,13,29,31,41,46
141,1833,17,18,21,25,40,48,16
142,1832,1,8,20,27,33,36,35
143,1831,1,4,13,27,47,49,33
144,1830,7,26,29,32,33,37,31
145,1829,2,20,22,30,40,45,44
146,1828,6,35,41,42,44,47,19
147,1827,2,12,17,27,32,33,44
148,1826,8,16,19,33,35,46,12
149,1825,2,6,17,24,37,49,46
150,1824,7,15,32,33,34,43,10
151,1823,21,36,41,42,46,49,06
152,1822,3,5,9,19,48,49,26
153,1821,7,8,15,32,34,39,43
154,1820,4,10,12,14,29,48,03
155,1819,16,23,29,30,37,38,33
156,1818,9,10,11,20,26,44,31
157,1817,3,19,29,36,47,49,33
158,1816,16,26,30,37,43,47,31
159,1815,1,13,39,40,41,43,18
160,1814,11,14,28,29,37,41,19
161,1813,6,9,17,18,29,34,42
162,1812,12,19,22,36,40,47,25
163,1811,4,9,34,39,48,49,18
164,1810,1,5,8,17,20,37,33
165,1809,26,29,34,35,37,47,08
166,1808,2,12,14,23,40,46,39
167,1807,12,13,26,33,42,49,48
168,1806,5,14,22,24,27,45,08
169,1805,4,10,24,29,33,35,07
170,1804,10,16,20,39,45,46,47
171,1803,6,10,12,26,28,35,24
172,1802,3,19,42,44,48,49,38
173,1801,12,13,20,28,41,43,23
174,1800,3,16,32,38,40,48,27
175,1799,6,16,20,25,27,45,29
176,1798,4,15,17,22,34,43,35
177,1797,3,12,40,43,48,49,32
178,1796,7,25,27,36,39,42,31
179,1795,11,14,34,36,43,46,01
180,1794,26,28,37,43,45,47,25
181,1793,15,18,24,27,39,49,06
182,1792,11,17,24,27,31,38,49
183,1791,25,29,32,33,37,44,47
184,1790,4,12,14,24,32,38,13
185,1789,10,14,26,29,30,31,18
186,1788,2,5,27,32,42,46,16
187,1787,23,26,27,37,42,46,15
188,1786,4,8,14,23,48,49,11
189,1785,7,9,27,31,36,39,32
190,1784,1,9,15,31,33,41,37
191,1783,5,14,31,32,36,46,11
192,1782,5,7,8,18,24,29,14
193,1781,3,22,23,26,42,48,28
194,1780,12,22,27,35,44,48,38
195,1779,11,13,15,31,37,47,19
196,1778,1,4,15,17,36,42,40
197,1777,4,5,21,31,36,38,14
198,1776,1,3,14,16,24,41,13
199,1775,1,9,30,40,41,48,49
200,1774,1,20,28,30,42,43,10
201,1773,2,5,9,32,41,42,44
202,1772,3,11,13,23,40,49,43
203,1771,1,2,9,17,22,25,08
204,1770,4,16,22,27,38,39,36
205,1769,10,14,32,36,37,38,47
206,1768,14,17,34,37,43,48,20
207,1767,15,23,26,38,46,47,21
208,1766,2,20,40,42,47,48,28
209,1765,18,24,25,30,31,35,36
210,1764,2,17,37,40,45,49,48
211,1763,3,17,24,30,31,44,07
212,1762,3,4,15,16,23,45,21
213,1761,3,18,21,41,44,45,15
214,1760,1,30,32,35,37,44,40
215,1759,4,8,13,19,44,48,27
216,1758,10,11,25,33,40,46,06
217,1757,3,13,19,20,36,39,15
218,1756,2,10,28,32,37,47,31
219,1755,4,14,19,24,26,48,35
220,1754,3,10,16,30,34,44,01
221,1753,2,4,14,30,39,41,49
222,1752,9,17,28,31,35,37,19
223,1751,10,16,33,34,44,47,06
224,1750,9,12,21,27,37,45,07
225,1749,9,12,16,24,34,35,07
226,1748,9,20,22,32,35,41,08
227,1747,11,16,26,38,45,49,05
228,1746,2,10,12,30,37,39,48
229,1745,10,23,33,36,39,44,30
230,1744,2,6,13,16,30,36,25
231,1743,1,14,28,29,37,43,30
232,1742,2,8,15,26,37,45,14
233,1741,9,12,22,27,36,47,46
234,1740,1,17,28,32,39,40,16
235,1739,1,3,12,29,36,41,14
236,1738,20,21,32,35,46,47,03
237,1737,12,14,17,23,24,45,42
238,1736,6,14,16,28,41,45,27
239,1735,6,18,20,28,43,45,13
240,1734,4,18,21,31,42,49,25
241,1733,11,24,31,45,46,47,06
242,1732,10,19,38,39,44,45,31
243,1731,4,9,25,26,27,28,03
244,1730,22,33,36,43,48,49,25
245,1729,2,10,12,18,24,33,11
246,1728,7,23,35,42,45,49,36
247,1727,22,28,35,36,44,45,06
248,1726,11,20,21,26,34,49,04
249,1725,1,9,18,25,37,48,14
250,1724,2,17,23,35,42,48,27
251,1723,2,15,21,24,29,46,27
252,1722,7,10,17,19,20,22,30
253,1721,4,6,15,28,30,33,27
254,1720,2,3,16,17,24,32,40
255,1719,6,10,20,27,39,46,38
256,1718,3,13,16,19,27,33,22
257,1717,11,16,19,21,38,46,34
258,1716,5,9,15,24,28,35,44
259,1715,8,26,39,40,41,43,05
260,1714,2,23,24,29,33,35,14
261,1713,3,5,24,26,31,40,45
262,1712,15,21,23,25,34,45,35
263,1711,2,14,30,32,36,45,11
264,1710,19,23,25,40,46,49,30
265,1709,7,10,24,25,27,29,19
266,1708,20,21,35,37,47,48,14
267,1707,26,27,32,33,37,45,39
268,1706,11,13,15,39,48,49,37
269,1705,2,3,4,16,26,36,45
270,1704,4,20,27,30,31,37,18
271,1703,5,20,37,38,43,48,06
272,1702,4,5,18,21,27,31,07
273,1701,8,20,23,34,37,49,44
274,1700,3,17,18,26,28,44,38
275,1699,9,15,16,17,18,37,33
276,1698,9,11,27,31,33,34,21
277,1697,3,16,36,39,42,44,17
278,1696,4,15,16,28,39,45,25
279,1695,9,16,30,31,38,41,46
280,1694,6,16,31,32,44,49,43
281,1693,1,36,38,43,46,49,21
282,1692,7,9,12,40,42,44,14
283,1691,4,9,20,32,42,43,05
284,1690,4,21,25,45,47,49,06
285,1689,12,13,18,41,43,49,39
286,1688,4,14,31,39,43,47,27
287,1687,1,8,15,19,20,33,47
288,1686,6,14,15,38,46,49,29
289,1685,10,19,24,28,31,34,27
290,1684,1,8,17,30,36,46,16
291,1683,5,18,24,26,41,44,20
292,1682,1,16,17,19,26,46,29
293,1681,1,17,24,29,39,40,21
294,1680,2,15,19,34,42,45,14
295,1679,3,6,21,33,34,43,09
296,1678,9,10,12,31,34,44,18
297,1677,3,18,20,21,30,41,13
298,1676,3,6,8,23,25,49,04
299,1675,12,27,35,44,47,49,36
300,1674,1,8,17,32,39,43,48
301,1673,3,8,10,25,29,34,32
302,1672,18,19,21,28,47,49,46
303,1671,13,31,32,35,39,42,16
304,1670,4,9,14,26,30,42,21
305,1669,4,22,25,37,38,42,20
306,1668,8,18,19,29,31,34,36
307,1667,2,9,29,43,46,47,21
308,1666,1,20,22,25,34,47,17
309,1665,6,15,30,38,47,48,40
310,1664,9,10,22,24,43,44,30
311,1663,5,9,34,36,41,49,26
312,1662,1,10,31,41,44,47,18
313,1661,1,11,24,35,44,45,49
314,1660,4,20,27,33,41,46,12
315,1659,24,28,35,37,42,48,38
316,1658,8,9,11,16,17,38,20
317,1657,1,3,6,7,15,27,30
318,1656,4,6,9,29,31,36,20
319,1655,14,17,26,32,35,41,15
320,1654,1,11,29,40,43,44,04
321,1653,33,39,40,43,48,49,34
322,1652,3,6,7,9,11,28,34
323,1651,13,25,26,29,30,39,19
324,1650,22,25,35,36,39,47,31
325,1649,3,15,18,26,45,49,41
326,1648,17,22,31,39,45,47,49
327,1647,6,21,29,39,40,47,33
328,1646,1,14,26,28,31,48,36
329,1645,8,12,19,39,48,49,17
330,1644,7,10,17,18,28,30,06
331,1643,1,7,22,28,29,49,37
332,1642,21,25,26,33,35,39,17
333,1641,3,6,17,18,42,43,36
334,1640,24,25,28,35,38,47,16
335,1639,9,14,29,30,32,36,20
336,1638,3,6,10,14,15,20,33
337,1637,1,16,25,33,41,49,46
338,1636,13,14,15,31,46,48,36
339,1635,9,14,30,31,32,49,01
340,1634,10,16,22,26,31,42,23
341,1633,1,6,31,41,42,49,44
342,1632,3,10,20,30,41,44,31
343,1631,13,15,23,25,26,29,09
344,1630,4,11,15,19,32,44,42
345,1629,5,6,12,23,38,39,48
346,1628,6,8,10,19,20,22,42
347,1627,8,12,31,33,42,44,49
348,1626,1,3,7,22,28,36,21
349,1625,20,23,27,32,34,49,30
350,1624,6,8,17,22,28,32,20
351,1623,3,17,20,26,33,47,34
352,1622,14,18,28,32,36,46,44
353,1621,3,18,19,20,37,47,25
354,1620,7,14,18,23,32,46,42
355,1619,14,26,28,38,39,45,08
356,1618,1,4,15,38,40,46,49
357,1617,6,9,27,29,43,47,17
358,1616,7,19,28,33,43,45,13
359,1615,1,3,4,26,34,37,14
360,2154,26,27,28,36,42,47,33
361,2153,1,6,22,37,44,48,35
362,2152,18,25,27,30,40,43,06
363,2151,2,7,14,26,38,39,12
364,2150,7,10,14,29,45,46,19
365,2149,5,14,20,21,36,49,39
366,2148,4,11,22,29,37,46,18
367,2147,8,9,12,15,17,28,33
368,2146,2,11,13,15,17,21,26
369,2145,3,4,10,26,37,43,41
370,2144,4,14,16,25,32,35,47
371,2143,5,28,32,34,37,48,39
372,2142,3,10,21,26,28,38,29
373,2141,15,19,20,32,33,34,23
374,2140,7,14,26,31,38,44,37
375,2139,7,22,32,33,34,39,45
376,2138,9,24,26,28,37,39,29
377,2137,3,7,17,29,32,49,11
378,2136,8,13,23,30,47,48,07
379,2135,9,15,18,21,24,37,16
380,2134,4,11,18,22,24,49,25
381,2133,1,2,3,4,7,10,33
382,2132,3,9,24,31,38,49,41
383,2131,12,13,16,18,38,40,05
384,2130,2,6,23,24,37,42,32
385,2129,5,18,26,28,30,45,33
386,2128,10,15,17,18,27,40,26
387,2127,2,16,27,29,34,41,42
388,2126,3,17,38,39,46,49,37
389,2125,3,5,6,11,34,42,28
390,1614,16,34,37,42,47,48,17
391,1613,17,20,29,35,38,40,22
392,1612,23,25,34,40,42,46,39
393,1611,11,14,16,29,31,46,30
394,1610,9,22,23,31,45,47,39
395,1609,9,14,27,29,42,45,44
396,1608,3,11,26,32,35,43,01
397,1607,1,14,21,35,39,40,05
398,1606,15,18,22,24,42,44,28
399,1605,10,16,20,28,32,48,30
400,1604,9,17,26,36,40,48,02
401,1603,1,23,27,36,45,49,07
402,1602,15,17,22,27,36,46,23
403,1601,1,4,5,6,9,25,27
404,1600,3,8,10,25,26,40,38
405,1599,12,24,27,45,47,49,06
406,1598,11,12,16,18,23,31,36
407,1597,4,14,24,30,43,48,34
408,1596,7,18,27,32,42,48,17
409,1595,2,11,16,19,44,47,27
410,1594,1,6,11,16,20,25,22
411,1593,12,14,15,16,22,34,13
412,1592,5,9,14,24,29,37,36
413,1591,1,10,29,40,44,49,33
414,1590,1,5,28,31,44,46,14
415,1589,4,18,24,30,31,49,36
416,1588,4,7,16,23,26,28,09
417,1587,14,15,17,22,38,48,19
418,1586,7,20,23,29,35,41,06
419,1585,9,10,15,33,40,49,48
420,1584,4,5,14,17,22,39,09
421,1583,11,15,21,27,38,43,48
422,1582,8,16,29,40,46,47,18
423,1581,11,18,20,24,29,49,02
424,1580,2,3,25,28,35,43,39
425,1579,10,12,16,29,41,48,25
426,1578,2,7,11,15,17,27,04
427,1577,2,4,9,31,33,46,05
428,1576,4,6,19,25,34,43,17
429,1575,12,17,31,38,44,45,43
430,1574,10,15,26,35,40,44,11
431,1573,6,9,17,25,33,42,27
432,1572,1,4,13,22,39,42,34
433,1571,3,12,15,28,29,34,08
434,1570,6,9,31,41,45,47,18
435,1569,3,4,15,16,17,46,12
436,1568,13,15,17,30,38,45,04
437,1567,9,18,24,34,40,43,28
438,1566,8,9,24,35,39,41,02
439,1565,4,6,8,35,36,43,05
440,1564,7,8,26,31,35,39,37
441,1563,10,11,23,26,28,30,17
442,1562,1,4,15,16,18,36,21
443,1561,12,19,23,30,35,36,15
444,1560,11,14,21,22,32,49,07
445,1559,5,18,19,32,40,44,34
446,1558,3,12,30,35,37,38,18
447,1557,11,16,24,27,36,48,47
448,1556,4,8,10,35,46,47,32
449,1555,3,8,12,18,22,33,37
450,1554,5,19,31,32,34,45,13
451,1553,2,17,23,39,47,48,22
452,1552,16,22,27,35,38,46,32
453,1551,8,20,26,36,44,47,28
454,1550,2,29,41,42,45,48,05
455,1549,1,2,3,9,20,49,24
456,1548,2,4,20,22,30,37,01
457,1547,3,12,19,21,31,48,26
458,1546,2,8,14,25,43,44,11
459,1545,3,4,7,24,27,31,13
460,1544,3,6,19,21,31,49,07
461,1543,2,9,24,34,41,45,48
462,1542,14,19,20,21,29,49,07
463,1541,17,25,32,33,46,48,39
464,1540,5,6,25,30,32,48,45
465,1539,1,6,9,11,33,39,40
466,1538,4,7,29,39,44,47,23
467,1537,12,18,23,24,46,49,14
468,1536,9,27,28,32,34,43,02
469,1535,4,12,25,34,36,40,49
470,1534,8,14,21,41,45,48,34
471,1533,18,21,28,33,41,47,48
472,1532,6,9,29,31,42,47,14
473,1531,2,15,28,41,42,49,24
474,1530,15,22,30,33,34,47,38
475,1529,1,6,38,41,43,45,48
476,1528,7,10,11,18,37,47,04
477,1527,10,16,17,27,36,38,47
478,1526,13,17,26,28,32,34,06
479,1525,8,20,21,24,34,47,10
480,1524,2,3,4,15,23,40,13
481,1523,9,22,26,30,44,49,31
482,1522,2,11,20,37,45,47,13
483,1521,7,12,24,39,43,48,30
484,1520,18,20,36,41,46,48,21
485,1519,3,5,25,26,29,30,31
486,1518,9,26,28,35,45,47,25
487,1517,15,26,31,37,44,47,43
488,1516,1,6,8,28,37,39,42
489,1515,1,12,33,36,46,48,41
490,1514,15,18,24,28,34,42,02
491,1513,1,20,28,30,34,40,19
492,1512,26,28,30,34,36,39,01
493,1511,8,17,23,40,41,43,28
494,1510,11,28,29,41,45,47,21
495,1509,4,19,31,34,37,44,06
496,1508,4,6,10,14,16,29,26
497,1507,9,17,27,35,39,44,40
498,1506,5,6,11,26,33,41,04
499,1505,1,3,11,18,40,46,35
500,1504,15,17,21,22,27,36,16
501,1503,1,10,12,13,29,47,09
502,1502,12,24,25,33,37,44,13
503,1501,2,8,16,17,20,26,32
504,1500,1,3,10,15,17,40,28
505,1499,1,4,17,20,28,32,47
506,1498,2,13,33,35,38,49,40
507,1497,15,26,27,38,42,43,39
508,1496,6,7,18,21,27,48,42
509,1495,16,20,22,31,42,48,43
510,1494,4,11,25,27,39,41,43
511,1493,4,7,12,15,27,34,37
512,1492,6,13,33,38,41,43,29
513,1491,20,24,34,36,43,45,03
514,1490,9,12,15,19,21,47,38
515,1489,7,11,15,21,26,34,38
516,1488,7,17,24,29,47,49,45
517,1487,3,7,21,22,38,47,27
518,1486,13,15,25,28,45,47,05
519,1485,1,7,12,17,36,38,48
520,1484,7,10,22,32,34,48,45
521,1483,5,6,13,19,23,34,08
522,1482,2,13,16,34,37,47,28
523,1481,5,11,12,31,41,42,16
524,1480,10,13,20,22,42,46,48
525,1479,2,9,13,40,44,46,10
526,1478,8,15,20,41,42,49,12
527,1477,9,11,12,22,28,49,07
528,1476,2,10,16,23,35,47,01
529,1475,18,25,38,40,44,45,05
530,1474,9,11,13,22,24,44,32
531,1473,10,11,15,22,23,45,31
532,1472,7,19,23,30,34,35,13
533,1471,9,20,30,34,35,46,29
534,1470,8,11,17,24,30,49,03
535,1469,2,6,16,24,41,46,27
536,1468,2,13,33,39,40,44,43
537,1467,4,7,13,28,36,49,03
538,1466,1,4,5,22,44,46,37
539,1465,2,3,11,24,26,27,44
540,1464,6,10,12,14,31,38,20
541,1463,10,13,28,32,37,41,01
542,1462,3,6,14,19,27,36,24
543,1461,6,19,26,28,37,49,47
544,1460,9,14,17,34,40,48,39
545,1459,2,5,8,13,17,35,28
546,1458,10,13,26,40,42,48,24
547,1457,2,4,6,7,13,29,09
548,1456,7,14,16,25,30,36,32
549,1455,8,15,18,37,39,44,06
550,1454,4,17,20,29,39,48,09
551,1453,10,21,26,34,35,43,37
552,1452,9,14,19,20,43,47,37
553,1451,4,9,24,31,39,47,38
554,1450,8,18,20,22,31,37,46
555,1449,9,10,20,22,38,49,07
556,1448,2,5,8,29,40,47,34
557,1447,1,8,22,26,32,37,41
558,1446,3,17,23,26,41,47,33
559,1445,1,10,15,21,27,37,40
560,1444,5,14,16,22,23,33,32
561,1443,16,21,30,34,39,45,04
562,1442,13,17,23,32,34,46,41
563,1441,4,9,10,17,33,34,35
564,1440,4,11,17,29,39,49,08
565,1439,2,20,28,46,47,49,03
566,1438,5,17,19,26,32,33,22
567,1437,11,17,19,20,29,32,38
568,1436,7,10,11,17,22,30,14
569,1435,1,17,28,29,31,34,45
570,1434,1,3,11,21,41,42,02
571,1433,5,12,13,20,37,41,23
572,1432,6,7,17,19,35,46,04
573,1431,3,15,19,20,32,40,25
574,1430,2,11,16,17,25,28,41
575,1429,4,11,16,26,42,47,06
576,1428,3,14,22,24,34,49,44
577,1427,13,15,17,18,41,45,14
578,1426,20,21,28,44,46,47,42
579,1425,11,19,30,33,37,44,18
580,1424,10,16,21,28,29,31,08
581,1423,2,7,17,25,30,43,38
582,1422,3,23,32,35,43,49,34
583,1421,2,35,38,47,48,49,41
584,1420,11,13,18,29,44,46,37
585,1419,4,6,13,18,23,45,15
586,1418,4,28,31,34,48,49,06
587,1417,7,8,26,43,47,48,12
588,1416,10,23,33,39,42,48,34
589,1415,3,5,9,17,35,36,43
590,1414,3,7,28,31,33,36,32
591,1413,1,3,4,8,21,28,05
592,1412,25,30,31,34,40,47,13
593,1411,8,9,24,28,37,49,47
594,1410,12,14,24,26,27,49,22
595,1409,1,5,15,22,43,47,37
596,1408,1,11,12,15,35,49,17
597,1407,5,12,16,17,41,46,15
598,1406,4,12,18,25,42,44,08
599,1405,10,14,21,37,39,49,25
600,1404,7,9,33,34,39,41,48
601,1403,3,12,20,33,34,41,43
602,1402,11,16,30,34,41,45,47
603,1401,6,12,16,20,27,38,07
604,1400,14,20,21,38,45,46,47
605,1399,22,27,28,29,42,46,49
606,1398,3,10,11,17,29,34,15
607,1397,10,14,18,20,34,47,41
608,1396,1,2,14,18,25,39,31
609,1395,16,23,24,35,36,44,01
610,1394,10,13,20,24,29,36,14
611,1393,15,27,32,36,44,48,47
612,1392,3,20,26,31,32,35,12
613,1391,3,7,10,31,32,35,30
614,1390,9,11,33,43,46,48,02
615,1389,5,12,31,34,37,45,10
616,1388,2,3,27,40,44,49,38
617,1387,7,10,21,23,29,39,01
618,1386,8,30,31,37,38,48,05
619,1385,1,4,17,24,27,43,41
620,1384,5,16,18,28,37,49,24
621,1383,26,29,31,37,43,49,02
622,1382,1,2,23,35,38,46,05
623,1381,9,21,29,34,43,47,32
624,1380,3,25,32,36,38,40,31
625,1379,3,14,21,25,27,42,34
626,1378,5,20,22,28,36,48,01
627,1377,1,2,5,6,11,43,25
628,1376,2,3,9,18,23,37,31
629,1375,1,3,8,22,28,33,05
630,1374,3,6,13,37,40,42,29
631,1373,4,22,33,39,42,47,14
632,1372,3,5,19,35,38,41,32
633,1371,7,21,24,31,43,47,05
634,1370,10,12,13,14,22,47,21
635,1369,3,6,23,24,42,44,35
636,1368,7,11,14,25,26,30,29
637,1367,10,17,29,33,42,48,35
638,1366,4,7,9,20,37,49,33
639,1365,2,23,30,34,40,42,48
640,1364,1,3,7,11,16,34,49
641,1363,1,3,21,34,41,44,43
642,1362,8,15,19,21,24,44,10
643,1361,5,12,15,17,18,39,47
644,1360,1,9,22,43,46,48,49
645,1359,17,22,26,27,29,35,44
646,1358,1,11,18,20,26,30,47
647,1357,2,16,23,32,34,35,40
648,1356,4,9,23,37,47,48,14
649,1355,11,24,28,37,41,43,13
650,1354,2,8,28,30,33,40,23
651,1353,2,6,22,25,33,39,46
652,1352,4,8,24,26,37,41,33
653,1351,1,4,9,15,37,39,47
654,1350,9,14,22,37,41,45,05
655,1349,4,22,23,37,40,49,13
656,1348,6,16,18,28,34,40,38
657,1347,8,10,19,27,39,44,06
658,1346,10,27,33,40,47,48,13
659,1345,6,12,14,25,35,43,42
660,1344,5,7,13,29,41,49,25
661,1343,11,13,16,19,28,46,22
662,1342,15,19,36,44,45,49,16
663,1341,14,18,22,30,39,44,32
664,1340,1,4,7,21,23,44,17
665,1339,4,18,21,22,39,46,29
666,1338,2,29,33,34,44,49,42
667,1337,9,15,24,46,48,49,06
668,1336,9,10,19,27,29,45,30
669,1335,6,10,17,20,25,28,02
670,1334,11,24,25,36,41,45,40
671,1333,13,15,17,23,26,47,01
672,1332,5,14,17,43,45,49,12
673,1331,5,8,9,10,22,38,07
674,1330,11,18,23,31,37,49,10
675,1329,4,6,7,25,35,37,48
676,1328,5,6,11,25,45,48,34
677,1327,9,30,31,34,42,45,24
678,1326,2,11,25,32,34,39,31
679,1325,11,14,21,24,25,47,36
680,1324,6,29,44,45,46,47,30
681,1323,11,21,30,36,42,47,34
682,1322,15,25,26,34,35,41,10
683,1321,7,8,27,29,37,48,21
684,1320,6,18,26,28,30,49,22
685,1319,3,10,31,40,41,43,20
686,1318,11,17,20,31,48,49,35
687,1317,11,13,33,37,45,48,36
688,1316,16,18,28,33,41,45,29
689,1315,1,10,11,13,42,48,15
690,2124,9,12,31,39,42,46,48
691,2123,6,14,18,22,30,38,47
692,2122,1,2,21,31,33,36,08
693,2121,22,26,32,38,43,47,42
694,2120,8,16,17,34,35,44,41
695,2119,7,8,12,17,22,29,14
696,2118,3,12,13,20,33,43,35
697,2117,2,4,7,15,28,45,19
698,2116,8,27,28,30,38,41,12
699,2115,7,12,18,27,28,40,10
700,2114,2,9,16,27,32,40,46
701,2113,16,19,24,28,36,42,13
702,2112,12,26,28,36,45,49,09
703,2111,5,11,13,19,33,48,34
704,2110,2,6,10,28,38,40,30
705,2109,7,8,21,22,34,46,06
706,2108,14,20,28,33,41,48,40
707,2107,12,16,19,23,28,32,27
708,2106,1,17,20,34,43,44,42
709,2105,5,30,38,43,44,47,14
710,2104,4,16,19,27,41,44,25
711,2103,3,18,21,25,31,42,26
712,2102,24,25,34,35,44,49,30
713,2101,1,13,19,21,38,49,23
714,2100,7,16,32,37,38,46,22
715,2099,3,4,5,26,45,48,14
716,2098,11,15,33,41,43,48,27
717,2097,8,25,26,28,38,43,22
718,2096,8,11,13,30,34,49,02
719,2095,14,20,21,31,34,42,25
720,1314,10,14,29,35,40,46,30
721,1313,9,16,22,28,30,32,37
722,1312,5,13,31,33,34,35,27
723,1311,10,20,40,46,48,49,13
724,1310,4,15,17,43,45,47,38
725,1309,4,23,24,30,34,45,19
726,1308,2,15,27,32,43,49,42
727,1307,9,10,16,21,32,47,38
728,1306,14,16,38,44,48,49,39
729,1305,4,12,26,44,47,48,02
730,1304,12,13,19,22,39,48,46
731,1303,1,4,13,17,35,44,22
732,1302,3,5,6,15,39,42,35
733,1301,22,24,33,36,42,49,38
734,1300,7,8,33,36,46,49,18
735,1299,2,7,18,23,39,47,17
736,1298,1,4,10,24,30,39,08
737,1297,7,13,34,38,43,44,10
738,1296,5,6,22,37,44,48,23
739,1295,11,20,31,33,39,48,04
740,1294,15,17,22,36,45,47,35
741,1293,13,15,18,30,32,48,08
742,1292,12,14,27,35,46,49,31
743,1291,4,10,15,22,33,35,48
744,1290,4,9,25,28,39,45,30
745,1289,10,14,26,29,39,41,06
746,1288,5,6,15,20,32,48,22
747,1287,2,3,13,23,34,38,05
748,1286,9,10,23,29,30,34,36
749,1285,1,6,15,30,33,49,03
750,1284,11,15,25,29,30,49,47
751,1283,2,4,26,30,31,43,38
752,1282,1,6,9,10,22,26,35
753,1281,1,8,18,20,22,46,28
754,1280,1,16,17,26,31,36,45
755,1279,12,14,23,32,37,39,28
756,1278,2,4,9,12,21,31,10
757,1277,6,10,24,34,37,47,12
758,1276,1,5,21,26,31,43,22
759,1275,8,10,26,29,41,44,09
760,1274,3,12,15,31,36,49,11
761,1273,6,23,24,38,39,40,32
762,1272,1,2,9,20,24,49,43
763,1271,2,12,20,25,31,47,29
764,1270,10,16,17,38,42,43,13
765,1269,18,24,26,34,38,45,15
766,1268,8,12,24,31,33,41,20
767,1267,4,5,23,31,39,48,20
768,1266,4,11,15,16,35,42,09
769,1265,6,14,26,27,30,43,21
770,1264,2,6,21,45,46,49,28
771,1263,4,15,23,33,37,47,22
772,1262,2,7,16,25,29,34,10
773,1261,8,9,13,17,33,49,30
774,1260,4,25,30,41,43,45,29
775,1259,1,24,28,33,37,47,49
776,1258,7,26,27,29,30,41,44
777,1257,3,8,21,22,28,48,05
778,1256,13,16,18,23,34,42,40
779,1255,9,24,25,30,35,37,45
780,1254,16,17,18,27,38,41,30
781,1253,10,13,20,24,37,47,16
782,1252,2,3,9,18,20,36,12
783,1251,11,21,27,28,32,34,17
784,1250,1,2,16,27,31,47,19
785,1249,6,8,10,28,36,37,21
786,1248,1,8,22,32,46,48,09
787,1247,5,8,9,10,29,49,46
788,1246,1,6,14,25,29,35,48
789,1245,9,14,16,17,21,26,20
790,1244,1,15,30,39,45,49,37
791,1243,5,21,28,30,37,42,48
792,1242,9,15,21,31,33,41,37
793,1241,13,18,29,31,32,46,02
794,1240,17,19,25,36,40,44,10
795,1239,1,2,29,37,42,48,38
796,1238,10,12,18,21,27,33,04
797,1237,4,7,14,15,19,26,43
798,1236,4,9,16,20,38,39,40
799,1235,1,13,20,24,37,39,03
800,1234,4,13,18,20,36,39,12
801,1233,8,23,28,31,36,37,12
802,1232,1,2,4,13,43,48,11
803,1231,3,4,15,24,35,41,36
804,1230,4,5,12,16,18,41,07
805,1229,15,19,34,39,44,45,23
806,1228,12,13,18,19,27,29,10
807,1227,3,7,28,29,38,48,40
808,1226,15,18,22,24,27,30,10
809,1225,4,10,20,25,33,36,37
810,1224,12,13,18,20,28,48,14
811,1223,9,10,20,42,46,47,27
812,1222,6,11,17,31,40,41,34
813,1221,3,14,16,19,45,48,09
814,1220,13,17,25,26,43,44,42
815,1219,17,22,28,31,39,45,08
816,1218,1,10,11,24,30,49,35
817,1217,3,6,9,29,30,33,14
818,1216,6,20,30,33,39,47,23
819,1215,3,12,20,39,46,49,19
820,1214,7,18,21,28,47,48,35
821,1213,5,6,15,28,29,43,48
822,1212,4,15,41,43,45,49,18
823,1211,5,9,25,27,33,44,17
824,1210,5,17,24,25,36,45,15
825,1209,7,8,12,24,30,49,27
826,1208,8,9,17,31,36,47,46
827,1207,3,8,14,20,33,41,32
828,1206,1,28,33,41,42,45,08
829,1205,4,9,23,35,46,49,18
830,1204,2,20,29,38,39,43,37
831,1203,1,29,30,44,45,49,41
832,1202,4,7,10,26,42,47,13
833,1201,9,13,21,24,38,46,27
834,1200,22,37,41,42,44,45,27
835,1199,14,15,21,22,32,40,02
836,1198,5,6,8,16,29,31,12
837,1197,7,16,17,21,27,36,06
838,1196,9,18,21,22,26,29,27
839,1195,7,30,31,42,45,49,46
840,1194,16,23,30,37,39,43,05
841,1193,10,13,23,35,36,48,47
842,1192,12,17,19,26,33,40,25
843,1191,5,8,31,46,47,49,34
844,1190,3,4,7,22,30,39,06
845,1189,10,20,24,35,36,39,12
846,1188,2,4,19,34,37,41,05
847,1187,2,3,16,42,43,45,27
848,1186,17,19,25,34,43,45,47
849,1185,3,7,11,20,23,48,38
850,1184,6,16,39,40,46,49,41
851,1183,1,3,6,7,36,49,42
852,1182,1,7,9,10,36,44,37
853,1181,6,9,11,16,25,37,45
854,1180,18,21,34,37,40,49,28
855,1179,8,12,30,43,46,48,35
856,1178,2,5,8,22,25,35,16
857,1177,6,12,17,34,38,46,43
858,1176,6,17,29,33,42,48,34
859,1175,5,8,12,20,30,39,23
860,1174,3,18,34,41,45,46,37
861,1173,8,30,42,46,48,49,07
862,1172,9,17,26,31,35,36,42
863,1171,12,28,29,33,35,37,22
864,1170,12,13,38,41,44,49,22
865,1169,4,17,23,28,43,46,22
866,1168,6,15,22,25,33,42,24
867,1167,5,13,26,29,40,47,42
868,1166,7,12,30,34,40,48,33
869,1165,2,10,16,18,41,44,31
870,1164,2,3,5,25,43,48,24
871,1163,2,22,25,27,35,42,13
872,1162,4,16,40,43,46,47,27
873,1161,14,17,21,29,42,46,49
874,1160,2,13,14,21,45,49,19
875,1159,8,11,21,38,41,48,49
876,1158,7,13,15,20,21,41,02
877,1157,5,23,26,31,34,49,24
878,1156,2,4,9,20,35,40,44
879,1155,2,8,12,13,27,35,37
880,1154,5,11,15,42,45,48,14
881,1153,5,10,18,21,35,49,11
882,1152,2,11,19,20,21,40,43
883,1151,8,26,32,35,36,49,24
884,1150,7,8,12,21,23,47,10
885,1149,9,15,30,37,38,40,01
886,1148,5,16,19,26,42,44,06
887,1147,7,11,13,24,28,46,26
888,1146,4,16,25,26,33,42,30
889,1145,9,22,28,32,33,49,18
890,1144,14,18,30,40,43,46,27
891,1143,12,17,18,26,29,33,41
892,1142,4,10,11,15,22,37,49
893,1141,4,7,12,20,39,48,14
894,1140,1,29,32,39,44,47,17
895,1139,16,22,31,37,39,49,32
896,1138,15,26,29,34,35,40,09
897,1137,1,5,8,21,27,34,20
898,1136,2,31,37,38,39,40,44
899,1135,19,24,34,40,41,46,15
900,1134,7,16,26,28,41,44,24
901,1133,5,7,24,26,41,49,03
902,1132,3,13,18,21,22,33,08
903,1131,5,12,16,23,29,39,11
904,1130,1,16,23,29,39,46,17
905,1129,6,17,25,27,35,40,32
906,1128,1,2,24,38,42,49,19
907,1127,19,21,30,35,36,37,33
908,1126,31,32,33,37,42,46,17
909,1125,2,7,20,36,38,41,40
910,1124,3,5,25,30,33,37,35
911,1123,11,20,25,35,42,45,08
912,1122,11,23,35,37,40,43,30
913,1121,20,21,23,31,42,43,41
914,1120,2,22,29,31,40,48,20
915,1119,1,3,8,22,36,44,29
916,1118,14,16,29,44,45,47,42
917,1117,7,11,22,27,32,46,17
918,1116,8,12,29,33,39,45,36
919,1115,4,19,30,37,39,41,31
920,1114,4,16,28,37,38,47,30
921,1113,1,4,14,18,22,39,48
922,1112,10,14,35,40,43,48,21
923,1111,9,13,14,17,28,45,20
924,1110,3,12,26,28,31,46,16
925,1109,10,11,24,33,34,38,16
926,1108,1,6,10,21,28,35,46
927,1107,16,17,18,22,25,36,47
928,1106,11,20,31,37,44,47,46
929,1105,8,19,43,44,48,49,46
930,1104,3,4,11,15,32,45,01
931,1103,4,5,7,11,28,32,03
932,1102,1,7,17,20,29,49,19
933,1101,5,21,26,27,28,29,44
934,1100,21,24,27,32,35,36,16
935,1099,4,8,10,13,14,49,07
936,1098,1,5,13,16,24,41,14
937,1097,9,20,25,36,42,47,13
938,1096,1,10,13,14,38,39,41
939,1095,2,4,6,30,32,34,40
940,1094,3,9,15,32,43,46,28
941,1093,8,9,17,31,37,38,02
942,1092,18,19,26,34,39,46,02
943,1091,6,7,17,24,41,48,16
944,1090,2,3,9,24,33,41,40
945,1089,5,18,19,28,35,45,27
946,1088,21,26,27,35,38,48,41
947,1087,9,23,25,29,30,48,01
948,1086,4,8,16,39,40,45,10
949,1085,5,14,16,25,45,48,42
950,1084,5,14,16,22,26,28,27
951,1083,11,13,16,18,21,22,06
952,1082,26,28,31,33,40,41,19
953,1081,9,27,33,38,39,40,14
954,1080,6,17,21,27,36,42,23
955,1079,20,22,26,27,31,44,49
956,1078,6,23,30,33,43,44,10
957,1077,2,4,24,28,32,45,38
958,1076,2,4,30,37,43,49,10
959,1075,10,27,28,40,46,47,18
960,1074,8,9,37,40,46,49,41
961,1073,4,8,15,16,34,49,45
962,1072,6,12,23,29,31,35,21
963,1071,1,14,17,23,35,38,31
964,1070,10,15,20,21,34,46,04
965,1069,4,5,10,17,39,44,24
966,1068,1,5,25,32,38,39,04
967,1067,1,3,9,17,18,42,07
968,1066,7,21,24,33,35,45,26
969,1065,2,8,23,28,38,45,21
970,1064,11,13,19,35,41,45,24
971,1063,2,4,9,28,42,43,45
972,1062,3,6,15,26,28,42,21
973,1061,1,6,9,10,20,46,14
974,1060,2,8,18,22,24,35,17
975,1059,2,17,27,32,35,38,41
976,1058,3,9,13,31,40,42,30
977,1057,3,19,33,42,43,45,44
978,1056,11,25,27,29,30,44,23
979,1055,13,14,15,16,18,44,48
980,1054,13,16,31,35,41,42,36
981,1053,22,25,26,34,41,45,15
982,1052,1,2,24,29,40,47,07
983,1051,8,26,34,36,39,46,35
984,1050,2,4,15,20,32,42,48
985,1049,15,17,22,37,39,47,26
986,1048,13,15,18,36,43,45,07
987,1047,2,12,16,19,20,49,04
988,1046,21,31,33,35,39,44,28
989,1045,12,15,17,24,36,49,14
990,1044,4,6,11,16,22,39,10
991,1043,1,5,15,33,40,48,21
992,1042,1,3,9,30,41,47,19
993,1041,9,19,22,26,34,36,24
994,1040,1,5,9,18,24,32,38
995,1039,20,23,28,37,39,41,26
996,1038,19,21,24,28,30,48,26
997,1037,11,14,16,17,35,49,34
998,1036,1,3,14,17,35,43,47
999,1035,7,29,31,32,33,35,48
1000,1034,11,13,16,20,21,28,15
1001,1033,9,24,35,40,41,48,31
1002,1032,6,9,14,17,47,49,38
1003,1031,17,19,22,27,40,46,04
1004,1030,4,17,18,26,33,35,40
1005,1029,5,8,17,24,30,42,34
1006,1028,5,11,12,15,24,32,39
1007,1027,3,4,12,29,32,48,16
1008,1026,12,15,22,26,27,29,37
1009,1025,1,3,15,18,20,33,48
1010,1024,6,16,20,23,24,34,42
1011,1023,3,6,18,27,29,37,04
1012,1022,1,15,23,24,31,39,33
1013,1021,5,8,10,11,23,30,42
1014,1020,18,28,38,39,47,48,24
1015,1019,9,27,32,34,36,37,20
1016,1018,1,8,20,45,47,48,11
1017,1017,4,11,12,18,21,40,44
1018,1016,4,11,20,28,46,49,31
1019,1015,4,22,23,31,36,47,20
1020,2094,3,6,13,24,37,43,30
1021,2093,4,20,34,35,40,47,03
1022,2092,14,16,24,25,43,44,03
1023,2091,2,3,15,28,46,48,33
1024,2090,3,17,20,22,45,46,30
1025,2089,5,12,14,20,27,46,26
1026,2088,3,4,11,23,44,47,24
1027,2087,10,11,19,23,30,38,13
1028,2086,5,9,13,22,34,39,40
1029,2085,2,17,23,32,36,40,03
1030,2084,10,16,34,41,45,47,07
1031,2083,7,11,12,19,21,39,49
1032,2082,9,21,29,33,35,48,28
1033,2081,12,20,24,35,39,47,15
1034,2080,3,14,17,21,28,49,12
1035,2079,11,18,26,31,39,44,24
1036,2078,10,11,22,41,44,46,35
1037,2077,7,21,27,33,46,47,04
1038,2076,1,2,7,16,24,34,36
1039,2075,16,21,30,36,38,47,48
1040,2074,12,20,31,32,35,45,18
1041,2073,7,19,20,28,30,31,29
1042,2072,13,14,21,31,38,44,22
1043,2071,1,6,13,17,34,44,38
1044,2070,2,8,16,32,33,37,05
1045,2069,2,5,6,7,16,29,35
1046,2068,7,13,23,30,32,48,36
1047,2067,10,15,22,38,42,43,18
1048,2066,6,9,21,35,48,49,29
1049,2065,9,10,20,21,38,39,49
1050,1014,1,3,11,15,39,47,44
1051,1013,1,4,6,13,15,48,39
1052,1012,24,28,29,38,39,41,19
1053,1011,3,5,14,17,29,45,31
1054,1010,2,10,19,39,46,47,41
1055,1009,2,9,18,21,32,47,26
1056,1008,4,24,26,30,31,46,02
1057,1007,6,27,30,38,41,47,20
1058,1006,2,14,17,19,20,49,26
1059,1005,6,19,22,24,29,40,04
1060,1004,5,11,15,17,25,46,24
1061,1003,16,18,21,26,30,48,45
1062,1002,12,19,26,30,36,45,20
1063,1001,1,19,34,39,43,48,45
1064,1000,7,11,24,32,35,49,46
1065,999,2,11,17,19,22,26,13
1066,998,16,25,27,30,37,41,36
1067,997,12,13,25,39,42,43,38
1068,996,8,11,15,20,33,43,34
1069,995,7,13,16,35,42,46,25
1070,994,1,5,8,23,32,48,03
1071,993,4,9,19,22,24,43,01
1072,992,5,7,18,26,29,47,02
1073,991,9,12,14,20,27,36,11
1074,990,2,12,20,28,46,49,31
1075,989,11,14,19,25,27,47,20
1076,988,1,8,21,32,37,46,22
1077,987,28,33,36,38,40,45,04
1078,986,3,7,11,18,20,27,02
1079,985,6,23,31,43,46,49,40
1080,984,9,25,29,36,38,41,23
1081,983,11,14,21,28,41,48,32
1082,982,2,3,7,9,16,34,14
1083,981,5,29,30,31,41,45,47
1084,980,1,6,18,29,39,48,10
1085,979,8,11,21,30,38,49,35
1086,978,3,7,20,34,36,41,39
1087,977,4,17,34,38,46,49,07
1088,976,15,20,34,42,45,46,23
1089,975,4,18,31,41,42,43,24
1090,974,10,14,22,29,33,48,05
1091,973,1,11,12,19,28,30,49
1092,972,2,7,22,27,41,42,05
1093,971,3,16,25,38,45,47,35
1094,970,7,9,22,29,44,49,01
1095,969,4,21,22,29,41,45,14
1096,968,2,6,10,17,18,46,34
1097,967,7,13,20,33,39,45,30
1098,966,1,7,15,23,29,35,14
1099,965,24,32,36,40,42,43,47
1100,964,5,14,34,36,38,42,19
1101,963,4,12,15,16,38,46,21
1102,962,13,23,27,32,34,43,22
1103,961,6,14,18,21,32,46,43
1104,960,11,12,14,17,21,37,10
1105,959,10,16,19,33,42,43,12
1106,958,2,12,15,16,30,32,05
1107,957,21,27,32,33,39,48,09
1108,956,3,4,11,28,37,40,36
1109,955,2,7,17,20,33,47,45
1110,954,22,25,30,37,38,49,15
1111,953,5,15,22,24,34,46,26
1112,952,14,15,19,23,24,25,02
1113,951,1,9,32,37,38,47,25
1114,950,7,8,14,15,20,21,44
1115,949,6,9,16,26,29,36,08
1116,948,8,12,15,26,39,44,06
1117,947,12,17,31,37,39,46,08
1118,946,10,14,22,28,32,42,36
1119,945,4,6,14,21,24,48,08
1120,944,9,12,42,44,45,48,35
1121,943,3,23,25,36,46,47,20
1122,942,8,12,26,31,44,46,42
1123,941,4,9,10,14,24,29,38
1124,940,6,8,9,17,25,36,04
1125,939,7,13,17,21,42,45,36
1126,938,4,12,19,40,44,47,49
1127,937,5,17,37,38,44,47,12
1128,936,5,13,22,29,34,42,37
1129,935,1,15,16,28,29,47,37
1130,934,6,9,10,12,24,32,30
1131,933,12,15,36,40,41,49,42
1132,932,3,7,16,19,44,47,31
1133,931,18,19,22,33,42,46,07
1134,930,9,14,23,30,42,45,19
1135,929,2,10,16,21,22,30,26
1136,928,4,8,18,29,40,47,09
1137,927,2,17,19,21,24,34,18
1138,926,22,24,26,29,33,48,46
1139,925,6,13,20,26,34,40,10
1140,924,2,22,27,31,40,46,13
1141,923,21,29,32,36,38,44,43
1142,922,1,7,27,36,40,48,13
1143,921,1,10,11,41,47,48,20
1144,920,7,14,21,43,44,47,35
1145,919,4,9,17,26,28,30,01
1146,918,8,10,28,35,37,47,12
1147,917,3,13,29,30,31,43,08
1148,916,5,6,27,33,36,37,48
1149,915,4,6,14,21,36,46,41
1150,914,3,9,18,38,46,48,13
1151,913,1,3,4,17,24,28,07
1152,912,4,13,31,36,40,41,49
1153,911,5,11,18,28,29,32,10
1154,910,2,5,8,24,32,37,35
1155,909,9,10,20,33,34,43,42
1156,908,17,19,20,27,32,35,11
1157,907,1,4,6,15,24,48,43
1158,906,5,6,28,35,42,43,04
1159,905,1,8,20,25,38,43,39
1160,904,11,17,19,23,32,44,25
1161,903,5,13,23,33,37,40,39
1162,902,3,10,11,13,26,48,09
1163,901,3,13,18,20,22,30,39
1164,900,5,9,19,21,27,46,37
1165,899,1,8,9,32,35,37,14
1166,898,3,6,7,9,32,35,24
1167,897,6,21,31,40,42,44,07
1168,896,11,14,19,21,41,44,31
1169,895,8,11,35,37,38,46,27
1170,894,1,2,12,19,27,38,41
1171,893,4,10,26,34,46,49,05
1172,892,4,14,16,19,22,35,09
1173,891,13,17,20,29,32,42,15
1174,890,11,26,27,39,40,47,34
1175,889,7,17,33,36,39,44,31
1176,888,1,4,15,16,29,46,30
1177,887,4,5,10,27,28,49,46
1178,886,2,17,34,38,46,49,33
1179,885,4,9,14,25,36,40,45
1180,884,3,8,9,16,34,46,42
1181,883,2,8,12,20,25,49,34
1182,882,3,7,15,23,29,48,05
1183,881,4,10,18,22,23,38,35
1184,880,7,17,22,26,31,42,12
1185,879,9,13,16,22,24,31,18
1186,878,2,8,10,37,44,49,22
1187,877,1,21,27,31,34,38,10
1188,876,2,13,19,25,30,43,44
1189,875,3,9,10,20,25,34,41
1190,874,1,3,20,21,35,37,46
1191,873,7,19,24,26,32,39,20
1192,872,14,25,32,38,43,46,35
1193,871,16,20,23,27,41,46,06
1194,870,10,11,15,26,28,31,43
1195,869,8,15,19,21,32,42,10
1196,868,3,17,23,24,30,47,26
1197,867,6,11,16,38,42,49,40
1198,866,4,6,8,11,33,35,25
1199,865,1,8,25,33,34,41,28
1200,864,7,15,25,34,35,38,06
1201,863,9,10,12,13,41,48,06
1202,862,5,15,29,31,38,45,48
1203,861,10,29,33,40,43,45,08
1204,860,1,18,24,29,35,46,02
1205,859,15,18,25,27,38,47,02
1206,858,9,17,19,24,38,47,03
1207,857,5,21,25,27,38,40,11
1208,856,5,12,17,18,41,44,32
1209,855,15,18,19,21,24,26,36
1210,854,2,6,7,15,20,38,14
1211,853,3,21,26,29,31,48,01
1212,852,1,2,7,19,28,34,05
1213,851,8,33,39,40,46,48,24
1214,850,8,9,22,27,29,42,38
1215,849,1,5,13,29,34,44,25
1216,848,2,11,18,26,39,45,24
1217,847,3,5,6,13,31,32,15
1218,846,3,15,19,40,41,44,13
1219,845,4,6,9,15,22,37,03
1220,844,2,7,11,20,29,45,48
1221,843,6,11,14,23,39,45,10
1222,842,5,32,33,40,41,49,30
1223,841,11,26,31,34,36,42,13
1224,840,1,6,27,39,44,49,36
1225,839,22,23,24,28,29,43,06
1226,838,1,5,12,14,19,31,45
1227,837,1,19,23,29,34,41,15
1228,836,1,4,6,23,25,47,49
1229,835,3,18,24,45,46,48,31
1230,834,7,21,22,38,45,47,40
1231,833,8,19,26,34,37,40,29
1232,832,5,6,27,41,47,49,40
1233,831,16,24,31,35,37,49,39
1234,830,7,8,13,26,28,49,17
1235,829,1,3,4,5,37,39,08
1236,828,20,22,24,25,40,41,35
1237,827,13,15,17,19,24,32,09
1238,826,8,12,13,25,31,35,21
1239,825,8,14,31,36,40,46,09
1240,824,7,10,16,19,42,46,20
1241,823,7,10,11,27,31,48,05
1242,822,8,25,31,38,43,48,23
1243,821,1,9,22,23,34,38,24
1244,820,11,13,21,36,39,40,43
1245,819,1,6,17,28,36,41,31
1246,818,15,16,27,40,44,49,31
1247,817,6,9,30,32,39,48,04
1248,816,3,4,16,32,45,48,23
1249,815,7,14,15,22,25,35,32
1250,814,13,18,32,38,48,49,40
1251,813,4,12,22,26,33,45,08
1252,812,13,23,28,30,37,44,49
1253,811,8,10,21,22,30,47,28
1254,810,12,28,31,33,36,44,07
1255,809,5,13,15,23,28,40,17
1256,808,16,25,31,36,38,49,29
1257,807,7,12,24,25,39,44,27
1258,806,2,5,13,20,21,49,36
1259,805,5,7,22,30,32,35,13
1260,804,6,8,13,17,35,49,45
1261,803,9,20,23,30,34,39,13
1262,802,2,9,14,24,33,47,48
1263,801,18,22,24,27,30,48,03
1264,800,5,15,29,32,38,39,31
1265,799,2,5,8,22,29,41,28
1266,798,4,6,15,29,33,39,18
1267,797,12,23,31,37,40,45,35
1268,796,7,24,26,30,32,39,47
1269,795,2,16,30,31,38,48,36
1270,794,3,6,36,40,43,48,08
1271,793,1,34,36,37,42,46,39
1272,792,24,32,41,42,48,49,10
1273,791,16,22,24,33,43,44,29
1274,790,13,15,19,22,33,38,39
1275,789,10,23,26,38,42,46,29
1276,788,9,16,17,30,33,49,41
1277,787,4,7,8,20,32,34,24
1278,786,8,19,24,35,36,40,23
1279,785,10,11,15,18,37,45,26
1280,784,8,13,18,22,26,42,43
1281,783,4,20,36,42,46,47,22
1282,782,2,9,14,24,40,45,03
1283,781,3,11,14,32,33,42,15
1284,780,5,8,36,39,42,46,14
1285,779,15,16,21,23,37,45,04
1286,778,6,12,16,33,41,48,08
1287,777,7,17,37,38,40,48,43
1288,776,1,2,21,30,44,46,33
1289,775,1,9,17,28,42,46,32
1290,774,1,2,6,19,24,40,44
1291,773,1,17,23,25,40,44,26
1292,772,5,7,15,18,23,42,10
1293,771,16,18,24,35,40,41,47
1294,770,9,14,35,38,41,42,40
1295,769,5,26,33,38,39,46,47
1296,768,18,23,26,28,30,45,15
1297,767,18,25,29,30,32,35,39
1298,766,10,13,19,27,43,48,08
1299,765,7,25,27,33,35,45,06
1300,764,5,19,25,32,40,42,04
1301,763,1,12,29,39,40,48,41
1302,762,6,13,14,22,30,44,26
1303,761,1,4,6,20,25,32,43
1304,760,12,16,18,27,41,45,29
1305,759,2,6,15,30,38,42,29
1306,758,1,6,8,15,41,43,02
1307,757,6,14,18,28,30,37,21
1308,756,4,13,25,27,40,47,45
1309,755,5,9,12,18,24,43,07
1310,754,12,19,31,41,42,47,13
1311,753,2,27,30,35,43,46,36
1312,752,4,14,31,35,42,49,01
1313,751,6,13,21,29,31,37,25
1314,750,4,14,18,19,30,42,34
1315,749,1,2,37,39,47,48,34
1316,748,6,10,11,14,31,40,49
1317,747,23,24,25,27,43,45,11
1318,746,12,19,23,26,33,42,27
1319,745,9,10,16,23,32,49,19
1320,744,7,20,25,33,38,45,26
1321,743,6,14,28,29,37,38,12
1322,742,10,21,30,34,37,43,17
1323,741,35,41,42,44,47,49,48
1324,740,6,9,17,23,34,45,02
1325,739,2,8,16,24,25,34,40
1326,738,5,6,24,44,48,49,45
1327,737,6,11,13,28,40,41,49
1328,736,10,12,24,37,41,43,17
1329,735,6,7,8,17,24,27,38
1330,734,8,14,15,25,32,38,11
1331,733,14,23,26,35,36,44,05
1332,732,1,3,14,31,34,35,16
1333,731,4,12,18,35,40,44,38
1334,730,6,28,38,44,45,49,34
1335,729,2,6,16,38,39,44,15
1336,728,3,4,13,23,34,39,37
1337,727,4,9,20,27,37,43,07
1338,726,6,20,23,42,44,45,13
1339,725,10,19,20,28,37,43,06
1340,724,10,13,22,33,36,48,31
1341,723,14,18,22,31,35,40,46
1342,722,14,16,18,26,30,35,10
1343,721,7,9,12,27,29,40,05
1344,720,6,9,35,38,43,44,41
1345,719,3,4,5,12,17,44,37
1346,718,1,14,26,32,45,48,46
1347,717,8,22,29,35,40,41,06
1348,716,3,4,21,43,47,48,07
1349,715,18,21,29,30,31,38,34
1350,2064,4,5,8,12,34,37,24
1351,2063,19,22,27,29,45,48,04
1352,2062,13,15,30,36,44,49,37
1353,2061,10,14,23,29,40,42,11
1354,2060,4,13,34,36,42,48,19
1355,2059,2,5,8,12,20,49,47
1356,2058,8,16,21,32,38,48,11
1357,2057,3,4,19,24,26,34,38
1358,2056,21,24,36,38,39,44,49
1359,2055,21,23,32,33,36,42,20
1360,2054,9,15,36,38,46,48,22
1361,2053,14,18,33,34,35,46,42
1362,2052,6,13,23,25,44,48,11
1363,2051,2,8,20,24,37,39,18
1364,2050,1,19,23,24,32,40,35
1365,2049,2,11,25,28,36,46,42
1366,2048,4,12,19,20,27,49,21
1367,2047,20,26,28,32,40,45,43
1368,2046,6,7,12,15,27,36,29
1369,2045,11,20,28,29,44,49,40
1370,2044,1,3,25,27,28,45,12
1371,2043,2,10,16,35,46,47,49
1372,2042,3,5,14,15,39,41,21
1373,2041,5,8,30,34,45,48,03
1374,2040,16,24,28,35,45,46,38
1375,2039,14,21,25,27,44,46,03
1376,2038,21,25,28,33,46,48,10
1377,2037,3,6,13,38,43,44,31
1378,2036,8,21,25,32,34,45,31
1379,2035,4,10,21,30,35,43,07
1380,714,13,22,28,32,37,46,17
1381,713,16,26,30,36,41,49,13
1382,712,5,9,18,40,43,45,17
1383,711,1,26,27,36,42,45,12
1384,710,5,10,12,13,16,42,41
1385,709,10,19,24,30,45,49,34
1386,708,6,16,17,18,22,49,33
1387,707,12,13,17,24,31,43,49
1388,706,4,8,10,15,35,45,16
1389,705,14,23,25,26,35,38,21
1390,704,16,22,35,36,45,48,32
1391,703,1,4,10,18,37,44,20
1392,702,4,15,38,40,41,46,33
1393,701,2,17,24,32,35,47,34
1394,700,10,24,27,28,31,38,23
1395,699,1,5,11,26,43,45,22
1396,698,4,8,11,12,20,32,47
1397,697,3,15,18,19,28,37,30
1398,696,3,19,21,29,33,41,46
1399,695,7,30,31,41,45,47,04
1400,694,1,6,9,36,37,48,13
1401,693,1,4,15,34,44,47,07
1402,692,5,9,11,21,22,37,32
1403,691,16,20,26,27,42,46,32
1404,690,1,4,7,20,25,38,17
1405,689,2,8,12,25,29,46,07
1406,688,23,24,26,29,36,41,12
1407,687,20,21,23,28,38,40,13
1408,686,21,24,31,36,38,46,43
1409,685,4,5,14,27,37,39,35
1410,684,12,30,33,36,42,43,15
1411,683,14,16,25,28,36,38,40
1412,682,4,6,12,14,41,46,15
1413,681,11,20,23,30,46,48,22
1414,680,7,9,11,20,45,49,42
1415,679,3,17,32,44,46,47,33
1416,678,10,11,18,27,38,44,37
1417,677,17,22,24,35,37,40,11
1418,676,4,6,7,14,19,37,09
1419,675,19,27,41,42,44,49,20
1420,674,7,9,15,29,32,48,38
1421,673,2,20,40,43,45,49,38
1422,672,11,14,19,35,44,49,10
1423,671,4,8,24,27,35,45,15
1424,670,6,9,13,31,40,45,47
1425,669,5,7,8,23,36,41,24
1426,668,13,33,35,39,40,48,27
1427,667,9,22,30,41,42,48,49
1428,666,16,17,21,28,38,45,10
1429,665,2,22,23,40,44,45,32
1430,664,12,21,24,32,36,46,13
1431,663,2,5,6,12,22,40,24
1432,662,6,9,12,15,43,47,49
1433,661,1,11,23,37,42,43,24
1434,660,21,23,26,36,45,49,02
1435,659,1,14,39,40,45,49,42
1436,658,1,4,12,35,39,46,14
1437,657,2,7,16,30,37,39,20
1438,656,6,12,16,25,33,49,48
1439,655,5,8,22,27,32,41,45
1440,654,4,10,30,35,43,46,14
1441,653,16,18,25,29,33,43,41
1442,652,9,10,16,30,38,41,02
1443,651,7,9,22,24,32,36,08
1444,650,2,8,11,18,32,39,46
1445,649,4,17,18,35,37,47,32
1446,648,9,16,17,28,33,42,29
1447,647,7,15,17,38,45,48,46
1448,646,3,13,14,21,22,32,07
1449,645,11,22,25,32,41,45,01
1450,644,9,24,26,27,37,44,03
1451,643,11,12,19,22,42,47,36
1452,642,6,11,12,19,27,39,28
1453,641,8,13,32,33,39,47,17
1454,640,9,11,12,14,18,24,38
1455,639,11,25,26,36,39,41,16
1456,638,5,6,23,24,38,48,30
1457,637,6,19,25,31,32,35,15
1458,636,9,18,26,28,36,44,19
1459,635,7,10,33,39,48,49,42
1460,634,4,14,23,25,38,42,10
1461,633,6,7,25,28,38,45,16
1462,632,1,2,10,27,40,41,43
1463,631,11,14,16,19,34,43,48
1464,630,3,17,33,38,43,49,14
1465,629,7,8,33,40,42,49,13
1466,628,6,12,14,30,32,38,41
1467,627,5,6,7,21,30,40,42
1468,626,3,11,14,20,27,44,43
1469,625,16,29,31,34,39,42,41
1470,624,5,28,35,46,48,49,11
1471,623,5,11,17,32,33,48,04
1472,622,9,13,17,21,22,33,41
1473,621,2,14,15,29,37,47,45
1474,620,6,15,26,30,39,41,14
1475,619,21,22,24,28,43,48,44
1476,618,5,8,10,27,34,40,47
1477,617,20,21,38,41,45,46,14
1478,616,10,22,25,32,34,44,30
1479,615,5,8,9,27,31,35,15
1480,614,6,10,21,23,35,36,08
1481,613,7,18,30,35,36,49,29
1482,612,6,10,19,32,41,49,05
1483,611,3,7,16,26,31,35,18
1484,610,10,11,14,34,40,49,43
1485,609,3,10,12,32,35,44,41
1486,608,8,14,20,34,36,49,46
1487,607,10,13,18,21,31,48,17
1488,606,2,21,22,34,36,38,45
1489,605,11,22,38,41,42,45,20
1490,604,5,7,28,35,36,39,31
1491,603,1,6,13,28,35,44,30
1492,602,7,28,33,35,42,44,41
1493,601,5,8,13,17,26,41,22
1494,600,12,28,29,30,44,48,34
1495,599,3,18,24,26,42,43,16
1496,598,9,11,15,29,35,44,18
1497,597,5,22,29,33,36,40,32
1498,596,3,16,20,36,41,49,45
1499,595,5,9,10,22,26,38,39
1500,594,6,8,22,39,40,47,17
1501,593,1,4,17,22,27,28,15
1502,592,5,9,16,32,35,42,04
1503,591,1,5,9,19,35,45,30
1504,590,1,2,4,11,12,23,06
1505,589,5,15,22,30,42,49,37
1506,588,7,9,15,18,32,43,08
1507,587,3,13,20,34,37,40,11
1508,586,1,22,33,40,43,48,35
1509,585,3,11,22,25,27,33,21
1510,584,5,11,14,20,22,41,33
1511,583,12,26,27,28,32,46,47
1512,582,2,32,40,41,43,45,30
1513,581,8,12,14,17,23,25,10
1514,580,5,8,15,25,33,48,11
1515,579,4,8,14,22,41,48,39
1516,578,3,16,17,34,46,48,41
1517,577,4,26,30,35,45,46,20
1518,576,14,34,37,40,48,49,30
1519,575,27,29,31,36,39,43,23
1520,574,3,11,14,21,40,45,08
1521,573,8,18,22,34,48,49,33
1522,572,3,25,27,28,43,45,42
1523,571,10,17,19,27,37,38,26
1524,570,8,18,21,23,30,47,10
1525,569,2,13,18,26,28,43,41
1526,568,12,15,18,23,35,38,33
1527,567,10,20,24,28,32,49,09
1528,566,1,8,11,14,16,45,41
1529,565,9,10,16,19,32,45,18
1530,564,7,10,20,30,34,46,19
1531,563,2,23,29,34,35,37,41
1532,562,1,19,21,31,43,47,18
1533,561,10,16,23,34,38,41,05
1534,560,2,6,16,20,23,24,19
1535,559,6,13,15,26,30,33,16
1536,558,10,13,22,27,32,39,43
1537,557,9,20,23,34,35,45,15
1538,556,1,8,9,10,34,36,17
1539,555,1,30,34,42,45,46,08
1540,554,2,6,10,13,30,33,40
1541,553,1,7,9,16,21,49,12
1542,552,1,4,5,13,14,19,18
1543,551,4,13,30,42,47,48,40
1544,550,2,3,13,17,19,36,47
1545,549,10,12,21,26,27,49,14
1546,548,18,21,32,33,36,37,06
1547,547,4,5,33,36,48,49,02
1548,546,4,5,17,39,40,42,03
1549,545,5,6,7,18,27,35,19
1550,544,4,15,16,22,24,45,02
1551,543,2,6,17,33,42,45,13
1552,542,3,5,7,18,40,45,15
1553,541,17,34,36,41,46,48,26
1554,540,2,9,29,31,42,49,05
1555,539,5,9,16,29,36,47,17
1556,538,12,17,24,35,44,46,10
1557,537,10,16,21,30,33,48,19
1558,536,1,22,34,35,36,47,07
1559,535,9,27,29,38,39,40,47
1560,534,1,14,28,41,45,47,29
1561,533,15,20,38,41,44,46,34
1562,532,11,23,31,32,33,40,49
1563,531,23,26,35,36,39,43,05
1564,530,1,7,14,23,45,48,43
1565,529,7,12,15,27,29,49,36
1566,528,18,22,24,25,26,43,23
1567,527,5,17,23,28,31,32,18
1568,526,2,3,32,46,47,48,35
1569,525,3,13,18,27,33,45,29
1570,524,6,10,19,24,28,47,22
1571,523,1,7,8,30,34,37,41
1572,522,2,24,26,29,32,33,06
1573,521,6,8,11,28,42,46,31
1574,520,2,9,12,16,37,40,19
1575,519,11,14,27,28,38,44,12
1576,518,9,11,20,22,29,38,37
1577,517,13,28,32,39,44,49,48
1578,516,5,21,26,30,36,41,17
1579,515,18,28,34,44,45,47,08
1580,514,10,11,16,29,30,35,28
1581,513,7,11,14,35,38,43,26
1582,512,8,12,25,29,39,45,44
1583,511,2,12,17,19,30,33,23
1584,510,1,3,10,15,21,28,37
1585,509,26,32,36,42,43,45,44
1586,508,3,7,18,20,26,32,10
1587,507,4,8,16,22,23,43,18
1588,506,1,6,13,30,33,43,09
1589,505,4,27,33,37,42,49,36
1590,504,7,12,13,25,39,48,09
1591,503,1,13,14,19,21,30,40
1592,502,9,19,20,30,39,40,10
1593,501,2,11,30,42,48,49,36
1594,500,1,7,14,15,22,45,24
1595,499,1,5,14,22,29,43,20
1596,498,10,14,23,25,27,40,37
1597,497,13,18,22,31,34,37,19
1598,496,18,31,35,39,40,43,10
1599,495,7,15,24,31,36,49,40
1600,494,10,12,14,28,42,46,37
1601,493,3,12,16,22,29,34,30
1602,492,7,22,32,34,42,43,06
1603,491,12,15,26,30,41,45,04
1604,490,3,6,13,29,39,49,09
1605,489,5,12,15,24,40,41,44
1606,488,19,34,39,40,41,45,23
1607,487,3,4,5,20,23,37,38
1608,486,9,21,22,33,35,48,43
1609,485,16,22,27,30,39,41,40
1610,484,18,22,23,27,28,43,35
1611,483,6,14,28,31,33,35,26
1612,482,1,7,20,34,40,45,22
1613,481,24,26,28,31,44,47,17
1614,480,11,13,25,29,38,47,12
1615,479,1,12,19,29,32,34,46
1616,478,15,24,25,27,36,37,35
1617,477,5,21,25,36,38,39,04
1618,476,1,10,26,28,38,42,43
1619,475,5,10,22,38,44,46,13
1620,474,17,23,24,25,26,38,47
1621,473,2,7,11,31,40,43,36
1622,472,9,11,21,22,24,41,33
1623,471,4,9,17,18,31,43,19
1624,470,6,10,19,20,22,36,03
1625,469,8,18,19,23,24,42,32
1626,468,9,16,19,20,30,43,44
1627,467,1,4,15,22,40,44,02
1628,466,12,14,19,27,34,43,24
1629,465,1,6,14,22,33,47,09
1630,464,2,9,22,32,35,41,20
1631,463,3,9,16,31,36,42,20
1632,462,1,2,3,7,14,15,11
1633,461,9,10,27,32,37,45,04
1634,460,10,32,33,38,41,47,06
1635,459,13,18,24,26,44,45,27
1636,458,3,16,25,37,38,45,18
1637,457,1,4,5,8,13,43,22
1638,456,12,23,25,31,44,45,03
1639,455,2,3,15,30,32,46,23
1640,454,4,9,10,14,15,49,05
1641,453,23,24,26,30,47,49,43
1642,452,1,13,21,22,24,40,27
1643,451,7,8,12,37,41,48,40
1644,450,3,10,13,35,48,49,33
1645,449,3,11,13,20,38,49,19
1646,448,1,3,10,31,34,35,27
1647,447,2,18,30,34,37,41,28
1648,446,8,10,11,24,31,37,38
1649,445,2,5,13,19,40,49,07
1650,444,3,12,26,30,39,41,25
1651,443,9,25,30,31,35,37,01
1652,442,6,10,22,30,43,44,29
1653,441,14,15,18,20,38,42,35
1654,440,3,14,17,41,46,47,20
1655,439,24,34,35,38,41,47,45
1656,438,8,9,16,24,29,48,05
1657,437,9,11,15,25,44,48,27
1658,436,23,26,27,29,30,45,18
1659,435,2,9,16,25,36,38,14
1660,434,11,14,20,24,25,35,33
1661,433,1,17,20,28,35,43,18
1662,432,1,6,14,19,26,30,17
1663,431,2,4,12,13,19,42,39
1664,430,4,5,21,26,37,47,07
1665,429,3,5,8,14,27,35,09
1666,428,22,24,28,33,34,42,48
1667,427,16,26,29,39,41,46,34
1668,426,1,4,19,33,34,40,25
1669,425,8,10,13,14,31,48,47
1670,424,9,15,20,23,39,41,44
1671,423,7,11,18,34,35,48,42
1672,422,4,14,19,21,24,48,10
1673,421,4,9,17,26,40,46,18
1674,420,1,3,20,23,33,37,14
1675,419,5,13,20,25,29,39,35
1676,418,1,3,14,26,36,47,42
1677,417,3,8,13,17,22,29,18
1678,416,2,19,24,39,41,49,21
1679,415,1,11,21,27,37,48,18
1680,2034,4,6,29,34,36,45,47
1681,2033,9,12,13,22,30,31,28
1682,2032,17,24,38,44,46,47,27
1683,2031,16,18,21,25,35,46,13
1684,2030,5,10,18,24,27,49,39
1685,2029,23,25,35,39,42,43,14
1686,2028,3,8,15,16,17,38,35
1687,2027,1,6,19,26,28,41,39
1688,2026,3,23,33,36,41,49,02
1689,2025,9,14,24,30,33,48,43
1690,2024,3,4,16,30,34,39,14
1691,2023,17,26,29,32,48,49,40
1692,2022,1,2,5,7,16,45,33
1693,2021,11,16,19,21,30,33,31
1694,2020,6,9,11,20,27,44,42
1695,2019,3,6,22,24,45,47,07
1696,2018,9,15,24,27,44,45,47
1697,2017,12,20,39,44,47,49,45
1698,2016,13,20,38,39,41,45,46
1699,2015,18,21,22,34,42,43,24
1700,2014,8,14,24,29,36,43,31
1701,2013,3,4,17,30,35,47,10
1702,2012,11,13,15,19,21,29,41
1703,2011,7,13,15,35,38,45,32
1704,2010,18,28,30,33,34,36,02
1705,2009,1,5,29,32,39,44,04
1706,2008,8,20,30,34,42,48,36
1707,2007,5,9,22,26,27,40,13
1708,2006,7,8,12,14,23,32,05
1709,2005,2,12,33,40,45,47,09
1710,414,9,13,32,38,48,49,41
1711,413,9,11,23,29,33,38,06
1712,412,9,13,22,35,38,39,04
1713,411,5,21,33,34,44,45,40
1714,410,1,7,19,27,38,47,03
1715,409,21,25,33,36,42,48,13
1716,408,5,13,14,33,45,46,25
1717,407,25,35,39,42,43,49,05
1718,406,6,12,14,25,27,30,08
1719,405,7,8,15,22,35,49,17
1720,404,8,13,15,28,29,48,03
1721,403,5,14,26,30,31,42,04
1722,402,5,6,17,35,39,49,44
1723,401,10,17,18,34,48,49,29
1724,400,6,7,18,22,30,34,02
1725,399,6,10,16,21,23,39,05
1726,398,4,22,24,30,31,34,17
1727,397,6,9,13,21,41,43,45
1728,396,2,4,23,32,43,45,42
1729,395,4,16,22,27,32,36,17
1730,394,1,23,25,30,32,46,42
1731,393,15,25,33,38,40,49,21
1732,392,2,21,29,38,44,48,10
1733,391,11,22,29,31,32,42,03
1734,390,6,15,18,25,26,47,27
1735,389,5,7,15,35,36,44,04
1736,388,2,5,7,18,22,48,11
1737,387,11,18,22,29,40,48,44
1738,386,3,13,27,29,36,37,24
1739,385,10,11,18,26,41,48,27
1740,384,4,20,32,39,40,42,33
1741,383,4,17,20,33,39,43,26
1742,382,11,16,17,19,24,43,13
1743,381,17,22,23,26,28,46,02
1744,380,12,33,39,43,45,49,10
1745,379,1,11,18,22,23,42,10
1746,378,5,6,10,16,20,21,19
1747,377,16,18,23,31,34,47,38
1748,376,3,14,17,32,39,42,08
1749,375,7,12,18,33,44,45,32
1750,374,2,14,16,23,35,38,47
1751,373,4,11,14,20,36,41,15
1752,372,7,9,10,21,39,49,41
1753,371,9,20,21,22,30,48,06
1754,370,2,8,16,25,33,37,01
1755,369,13,16,21,30,36,37,02
1756,368,2,8,22,36,38,40,05
1757,367,12,13,30,36,39,47,08
1758,366,3,9,27,31,38,45,34
1759,365,2,3,13,14,17,38,31
1760,364,4,9,22,30,33,35,13
1761,363,11,15,19,29,42,49,05
1762,362,12,17,33,43,45,47,10
1763,361,9,10,22,23,28,36,49
1764,360,3,5,14,40,46,49,06
1765,359,1,5,24,25,35,49,14
1766,358,10,15,25,29,34,37,13
1767,357,11,12,17,22,31,43,45
1768,356,2,12,14,38,39,43,48
1769,355,6,9,13,21,46,47,12
1770,354,2,5,10,14,29,37,03
1771,353,2,10,13,22,24,25,05
1772,352,2,9,10,13,15,24,19
1773,351,1,9,21,35,36,47,33
1774,350,2,22,25,30,44,48,46
1775,349,2,6,27,44,45,49,23
1776,348,3,6,8,11,28,31,19
1777,347,3,7,8,24,42,49,37
1778,346,4,8,17,39,47,48,01
1779,345,2,10,16,35,37,45,26
1780,344,2,5,25,31,40,43,22
1781,343,3,7,12,25,33,35,30
1782,342,1,16,36,41,42,44,18
1783,341,6,22,25,39,41,49,13
1784,340,2,16,20,32,35,41,24
1785,339,2,18,28,42,45,49,17
1786,338,8,13,16,42,45,47,33
1787,337,5,8,27,28,33,46,02
1788,336,11,13,16,19,25,32,26
1789,335,2,8,20,21,40,41,24
1790,334,9,21,36,38,43,49,23
1791,333,2,19,20,33,37,48,10
1792,332,9,18,23,33,44,49,29
1793,331,2,9,18,19,28,33,35
1794,330,3,6,7,15,26,35,40
1795,329,15,20,31,34,37,48,04
1796,328,5,7,13,19,35,46,24
1797,327,9,13,21,28,33,46,06
1798,326,5,13,18,20,21,26,11
1799,325,9,10,14,16,25,49,23
1800,324,16,24,27,30,42,46,17
1801,323,5,6,11,25,35,40,44
1802,322,10,30,38,42,45,49,27
1803,321,3,6,10,14,40,42,15
1804,320,4,5,6,8,20,38,35
1805,319,11,18,32,36,39,43,34
1806,318,17,20,28,34,38,47,14
1807,317,5,9,35,38,43,48,06
1808,316,2,15,28,30,37,41,31
1809,315,1,10,12,16,43,45,13
1810,314,2,20,36,45,48,49,21
1811,313,1,24,25,32,34,39,10
1812,312,6,11,14,26,46,47,40
1813,311,3,19,22,25,31,48,12
1814,310,3,9,31,36,37,45,19
1815,309,4,28,36,43,46,49,40
1816,308,16,25,26,42,44,48,20
1817,307,6,10,13,24,31,46,25
1818,306,3,9,10,27,31,36,26
1819,305,8,21,29,31,38,42,23
1820,304,9,21,28,30,34,44,10
1821,303,17,19,21,35,40,49,42
1822,302,10,15,16,21,25,38,24
1823,301,6,26,30,34,40,43,03
1824,300,3,11,12,13,26,28,31
1825,299,7,15,23,30,34,41,10
1826,298,7,9,22,38,39,49,48
1827,297,7,9,12,13,16,33,37
1828,296,2,5,12,21,30,31,06
1829,295,2,13,17,33,38,42,05
1830,294,7,18,19,25,42,45,41
1831,293,14,21,23,30,33,37,10
1832,292,1,12,26,27,36,49,21
1833,291,6,24,30,43,44,45,11
1834,290,11,15,24,25,26,33,42
1835,289,12,27,30,31,34,48,17
1836,288,5,17,21,27,31,41,06
1837,287,7,12,20,33,43,44,38
1838,286,7,17,27,29,30,34,36
1839,285,4,6,20,35,37,39,41
1840,284,4,16,24,26,32,39,06
1841,283,18,19,33,43,45,48,11
1842,282,4,12,14,22,46,48,23
1843,281,3,13,15,39,43,44,31
1844,280,12,13,14,20,23,28,22
1845,279,22,28,31,36,39,49,32
1846,278,7,15,17,28,40,41,10
1847,277,11,14,17,30,42,46,29
1848,276,1,3,30,33,35,42,12
1849,275,7,20,24,30,38,41,19
1850,274,11,12,18,20,27,42,16
1851,273,3,7,10,21,30,36,14
1852,272,20,23,27,38,40,47,33
1853,271,3,4,16,19,32,45,14
1854,270,15,17,18,21,28,37,40
1855,269,1,5,11,22,32,45,28
1856,268,5,16,17,18,23,27,10
1857,267,1,30,33,42,44,48,49
1858,266,2,9,19,30,36,37,41
1859,265,10,14,17,30,36,45,47
1860,264,14,23,26,28,36,37,40
1861,263,12,19,24,27,36,44,29
1862,262,27,29,30,39,40,42,47
1863,261,1,5,16,22,30,34,39
1864,260,19,21,22,34,48,49,42
1865,259,16,17,27,44,45,47,49
1866,258,8,16,27,39,40,48,14
1867,257,8,13,27,39,40,45,49
1868,256,7,14,27,29,37,49,09
1869,255,13,14,32,40,43,48,12
1870,254,1,16,26,31,35,36,38
1871,253,1,2,20,34,35,43,37
1872,252,10,18,22,34,36,37,15
1873,251,1,6,7,8,24,42,22
1874,250,6,8,12,21,32,43,25
1875,249,7,9,18,32,48,49,10
1876,248,6,30,31,37,38,43,24
1877,247,1,3,13,18,21,35,15
1878,246,1,6,7,12,36,42,34
1879,245,3,6,8,13,28,36,38
1880,244,9,22,37,40,42,48,26
1881,243,2,16,18,35,48,49,43
1882,242,11,25,32,33,37,42,31
1883,241,3,7,9,14,25,44,45
1884,240,7,21,23,29,33,44,09
1885,239,3,5,6,11,13,40,45
1886,238,28,34,38,41,46,48,36
1887,237,5,9,18,21,28,32,07
1888,236,3,7,13,20,36,48,47
1889,235,11,16,26,42,43,48,32
1890,234,7,18,28,29,37,49,12
1891,233,6,8,12,29,32,40,45
1892,232,13,33,37,40,41,47,48
1893,231,9,27,32,38,39,43,31
1894,230,3,10,20,27,40,46,09
1895,229,2,16,19,24,48,49,12
1896,228,14,23,27,37,40,45,39
1897,227,4,18,31,40,45,47,29
1898,226,10,21,23,30,43,49,03
1899,225,7,8,15,27,34,49,22
1900,224,9,13,21,37,40,48,12
1901,223,7,11,13,22,24,37,36
1902,222,8,28,33,36,38,47,02
1903,221,16,21,29,37,46,47,35
1904,220,4,19,26,30,31,34,37
1905,219,7,11,15,29,46,49,21
1906,218,24,30,39,43,44,48,23
1907,217,8,32,36,39,44,46,33
1908,216,6,9,12,19,22,25,17
1909,215,23,31,34,43,45,47,48
1910,214,1,23,24,30,47,49,42
1911,213,9,12,17,42,47,49,34
1912,212,1,7,13,32,37,48,26
1913,211,3,7,13,25,31,33,45
1914,210,11,12,13,22,26,31,10
1915,209,9,11,21,27,37,45,30
1916,208,7,10,13,21,22,23,35
1917,207,4,5,17,20,28,39,03
1918,206,6,21,28,36,44,49,32
1919,205,2,3,4,25,36,47,08
1920,204,7,10,18,23,37,39,17
1921,203,14,23,33,35,36,43,37
1922,202,10,21,26,30,31,42,48
1923,201,9,10,26,31,35,41,42
1924,200,1,19,20,34,42,43,15
1925,199,8,20,33,36,46,49,18
1926,198,1,9,14,39,45,48,03
1927,197,2,3,4,8,16,18,06
1928,196,7,22,24,25,40,41,01
1929,195,3,6,9,14,26,40,19
1930,194,7,15,20,28,38,41,37
1931,193,4,13,15,28,45,49,07
1932,192,9,17,21,22,31,32,04
1933,191,20,22,32,37,39,44,11
1934,190,12,22,29,35,43,48,38
1935,189,4,10,43,45,46,48,13
1936,188,1,29,30,32,41,46,08
1937,187,21,22,24,27,31,42,11
1938,186,10,13,18,29,40,41,04
1939,185,5,6,9,28,31,32,19
1940,184,3,5,19,26,32,49,01
1941,183,8,9,13,31,40,48,43
1942,182,30,34,39,43,48,49,06
1943,181,14,26,33,39,40,43,23
1944,180,7,14,17,22,29,43,36
1945,179,3,31,33,36,39,49,01
1946,178,1,22,36,38,39,47,27
1947,177,5,17,19,34,42,48,44
1948,176,23,24,31,33,42,44,27
1949,175,11,13,33,36,37,48,46
1950,174,6,13,22,29,33,42,11
1951,173,1,14,19,22,31,35,34
1952,172,10,15,20,31,35,48,14
1953,171,2,3,8,19,25,39,49
1954,170,8,12,18,23,41,48,19
1955,169,2,3,4,14,44,46,05
1956,168,7,10,15,38,45,49,22
1957,167,11,13,30,39,41,48,45
1958,166,18,25,31,34,35,37,05
1959,165,11,14,22,24,34,48,43
1960,164,25,28,29,37,44,48,43
1961,163,1,4,19,28,37,49,29
1962,162,5,6,14,27,28,49,42
1963,161,6,9,18,22,31,41,24
1964,160,4,8,12,15,23,33,36
1965,159,10,11,17,19,39,45,15
1966,158,7,21,25,42,47,49,01
1967,157,7,10,15,21,30,43,08
1968,156,24,25,35,41,44,47,38
1969,155,14,20,26,39,40,42,12
1970,154,6,27,36,38,43,49,40
1971,153,9,16,30,31,32,37,24
1972,152,19,23,31,40,44,47,03
1973,151,17,28,33,38,42,47,34
1974,150,8,23,31,33,41,47,38
1975,149,4,7,10,15,19,39,22
1976,148,10,18,24,27,28,38,21
1977,147,2,7,9,40,41,42,28
1978,146,2,13,20,22,39,49,41
1979,145,2,3,9,13,31,43,10
1980,144,4,5,14,18,28,31,24
1981,143,2,4,13,43,48,49,24
1982,142,1,5,21,28,35,41,38
1983,141,7,12,21,28,31,41,03
1984,140,1,4,17,26,38,44,11
1985,139,15,16,17,22,25,28,12
1986,138,5,6,27,28,36,41,47
1987,137,7,10,21,25,37,39,09
1988,136,8,14,31,33,36,42,34
1989,135,9,10,18,21,36,45,06
1990,134,13,16,20,30,36,47,24
1991,133,2,3,6,8,25,39,38
1992,132,2,11,17,18,20,27,10
1993,131,6,9,18,26,33,38,29
1994,130,16,17,26,28,40,42,44
1995,129,2,12,17,31,37,40,01
1996,128,2,22,39,41,42,45,26
1997,127,16,29,31,33,36,38,04
1998,126,5,15,17,18,24,47,07
1999,125,2,5,6,11,20,34,32
2000,124,12,14,25,30,34,35,23
2001,123,18,24,26,29,30,46,39
2002,122,2,6,9,14,17,29,22
2003,121,5,7,10,23,31,34,38
2004,120,12,16,21,24,30,39,07
2005,119,1,4,5,7,9,27,21
2006,118,14,17,28,31,37,43,39
2007,117,24,28,29,30,42,49,47
2008,116,1,6,15,21,23,33,30
2009,115,1,12,13,16,36,46,49
2010,2004,8,18,20,25,30,39,13
2011,2003,1,2,6,37,40,43,24
2012,2002,1,2,10,23,32,49,26
2013,2001,8,13,15,35,44,45,47
2014,2000,4,8,15,18,30,45,38
2015,1999,6,9,11,29,43,47,08
2016,1998,2,5,7,18,30,45,11
2017,1997,6,8,11,32,34,41,47
2018,1996,2,11,12,22,24,25,03
2019,1995,3,5,20,30,33,38,28
2020,1994,1,8,33,37,42,47,07
2021,1993,12,18,20,28,33,47,25
2022,1992,11,28,36,38,44,48,26
2023,1991,6,11,16,20,43,45,21
2024,1990,18,20,24,36,44,45,39
2025,1989,18,22,40,41,48,49,42
2026,1988,16,18,27,35,42,44,33
2027,1987,9,24,29,32,34,47,42
2028,1986,9,10,25,40,48,49,32
2029,1985,6,16,19,34,35,46,09
2030,1984,4,11,14,41,42,44,10
2031,1983,8,9,10,22,33,40,28
2032,1982,15,21,24,25,28,31,48
2033,1981,10,17,25,26,39,44,07
2034,1980,17,21,22,36,41,44,38
2035,1979,9,20,30,33,38,39,37
2036,1978,13,15,25,40,41,48,19
2037,1977,12,13,31,33,35,47,21
2038,1976,13,15,24,28,41,45,20
2039,1975,10,20,24,28,33,45,19
2040,114,5,6,12,20,39,47,38
2041,113,14,16,18,32,44,47,02
2042,112,7,9,26,29,37,40,11
2043,111,2,10,21,22,37,44,47
2044,110,3,4,10,24,26,47,12
2045,109,3,11,18,22,24,37,49
2046,108,3,14,27,31,38,44,26
2047,107,10,19,26,30,32,44,29
2048,106,9,27,30,33,44,48,37
2049,105,2,12,21,37,47,49,11
2050,104,13,16,19,31,39,47,29
2051,103,1,27,28,29,31,49,06
2052,102,8,14,17,23,28,43,26
2053,101,6,28,39,40,43,45,42
2054,100,8,29,31,32,36,38,12
2055,99,9,17,20,29,34,35,18
2056,98,11,20,23,29,32,33,35
2057,97,7,19,30,34,37,44,48
2058,96,3,8,10,19,31,35,36
2059,95,19,30,37,41,47,49,03
2060,94,11,14,17,20,42,47,27
2061,93,7,14,26,27,31,36,43
2062,92,12,18,26,34,38,45,43
2063,91,9,15,27,28,37,39,33
2064,90,7,11,13,23,31,33,28
2065,89,6,11,13,24,40,47,42
2066,88,21,29,32,38,41,43,07
2067,87,12,17,30,40,43,48,18
2068,86,9,21,22,26,37,48,35
2069,85,13,23,28,30,34,42,20
2070,84,13,14,21,23,39,42,36
2071,83,8,10,22,23,24,35,33
2072,82,2,3,20,21,43,49,32
2073,81,10,20,22,31,35,39,17
2074,80,15,20,35,40,45,48,30
2075,79,9,32,33,38,42,44,43
2076,78,4,9,12,21,25,34,36
2077,77,13,19,23,28,42,45,15
2078,76,1,13,16,24,41,48,35
2079,75,10,16,19,20,40,49,24
2080,74,4,8,12,24,39,40,18
2081,73,11,22,23,28,38,40,29
2082,72,4,11,18,26,31,46,16
2083,71,7,12,20,27,28,43,46
2084,70,4,5,6,7,8,28,23
2085,69,5,10,25,30,41,46,48
2086,68,6,14,23,27,36,38,49
2087,67,16,20,21,43,44,49,06
2088,66,2,34,36,39,40,42,29
2089,65,7,11,13,28,32,33,20
2090,64,8,17,21,22,23,49,24
2091,63,9,10,12,26,38,43,15
2092,62,5,6,16,23,26,27,46
2093,61,10,18,19,28,40,44,24
2094,60,10,14,22,34,40,43,04
2095,59,1,11,18,19,39,40,42
2096,58,13,18,23,24,26,33,15
2097,57,6,18,39,40,41,42,09
2098,56,7,15,16,23,31,35,08
2099,55,5,36,37,38,46,49,17
2100,54,11,21,27,31,37,44,01
2101,53,9,11,14,17,24,28,46
2102,52,17,19,26,31,37,43,38
2103,51,19,21,40,42,46,47,33
2104,50,4,16,18,25,29,41,21
2105,49,3,15,22,23,42,47,18
2106,48,2,6,14,25,45,49,42
2107,47,5,8,9,26,33,38,28
2108,46,6,7,29,32,42,46,01
2109,45,1,3,12,23,31,48,34
2110,44,2,3,8,22,27,28,45
2111,43,8,10,14,25,43,44,41
2112,42,8,12,19,22,29,41,01
2113,41,1,13,18,30,32,46,19
2114,40,5,7,16,37,42,44,38
2115,39,1,12,14,33,36,37,13
2116,38,5,9,18,25,47,48,17
2117,37,5,9,20,30,32,42,02
2118,36,6,10,11,32,35,46,22
2119,35,7,15,24,41,47,49,25
2120,34,10,12,15,17,34,42,29
2121,33,1,10,34,41,47,48,19
2122,32,15,19,25,34,38,44,05
2123,31,5,13,19,27,29,35,40
2124,30,11,23,32,33,43,48,02
2125,29,8,14,16,22,37,46,36
2126,28,15,22,34,40,41,47,10
2127,27,10,37,40,42,43,46,30
2128,26,3,4,23,25,31,44,35
2129,25,3,7,31,32,35,47,15
2130,24,22,24,28,33,36,39,41
2131,23,2,7,12,19,23,49,04
2132,22,1,3,8,25,43,46,21
2133,21,2,6,16,26,36,41,08
2134,20,10,17,36,43,45,47,33
2135,19,4,23,24,25,38,40,37
2136,18,7,14,26,32,41,49,12
2137,17,5,28,29,31,44,46,45
2138,16,5,15,26,27,28,35,02
2139,15,5,10,24,32,39,49,01
2140,14,9,10,11,15,19,28,37
2141,13,3,7,11,22,28,36,18
2142,12,6,22,25,26,27,45,36
2143,11,1,23,25,32,43,44,30
2144,10,1,5,6,31,39,46,44
2145,9,9,12,25,31,43,44,05
2146,8,1,11,29,33,36,44,37
2147,7,11,22,24,28,29,38,20
2148,6,7,13,14,20,29,32,28
2149,5,9,24,25,27,36,38,41
2150,4,14,19,23,36,44,46,07
2151,3,10,20,26,28,35,48,13
2152,2,10,20,21,33,40,44,34
2153,1,5,32,34,38,39,49,08
2154,1974,4,14,28,42,43,47,03
2155,1973,6,16,27,34,44,48,01
2156,1972,5,10,11,25,27,44,07
2157,1971,7,12,13,25,34,38,15
2158,1970,4,10,28,37,42,48,08
2159,1969,4,5,6,22,31,46,47
2160,1968,20,22,31,33,39,44,10
2161,1967,18,27,28,34,35,45,02
2162,1966,1,14,16,25,40,48,17
2163,1965,7,11,15,38,39,46,25
2164,1964,2,12,19,33,34,48,24
2165,1963,17,18,26,30,33,34,29
2166,1962,1,4,22,30,33,34,26
2167,1961,4,21,22,35,36,46,40
2168,1960,8,17,28,34,39,40,14
2169,1959,2,7,9,22,32,46,26
2170,1958,8,10,16,30,39,40,06
2171,1957,9,10,23,28,37,46,34
2172,1956,6,15,16,18,37,43,02
2173,1955,4,10,15,16,24,28,49
2174,1954,2,11,12,25,36,43,10
2175,1953,1,4,9,17,35,41,37
2176,1952,3,5,17,22,25,27,46
2177,1951,5,13,21,25,38,40,17
2178,1950,1,11,13,23,35,36,34
2179,1949,1,4,13,22,32,41,26
2180,1948,15,16,20,26,36,40,46
2181,1947,12,16,34,36,42,45,41
2182,1946,5,6,8,10,31,36,17
2183,1945,9,22,28,32,37,39,47
2184,1944,9,13,29,30,39,45,48
2185,1943,3,15,16,39,41,42,36
2186,1942,2,26,31,32,36,37,12
2187,1941,4,5,18,23,32,44,06
2188,1940,7,17,34,41,43,49,01
2189,1939,2,6,13,25,30,33,20
2190,1938,1,4,8,21,22,24,46
2191,1937,22,26,27,28,36,47,12
2192,1936,10,12,19,25,42,46,37
2193,1935,22,23,35,40,41,42,16
2194,1934,5,9,13,15,21,23,12
2195,1933,14,20,28,31,32,47,18
2196,1932,4,5,11,17,24,48,46
2197,1931,12,25,32,33,34,35,45
2198,1930,4,11,15,26,28,30,13
2199,1929,10,33,40,43,45,49,38
2200,1928,4,14,15,19,41,42,10
2201,1927,13,20,23,24,46,47,39
2202,1926,16,18,22,23,35,38,25
2203,1925,7,8,10,13,20,38,05
2204,1924,2,5,17,22,27,28,37
2205,1923,9,19,28,29,38,40,33
2206,1922,9,24,32,34,43,47,35
2207,1921,4,11,23,32,44,48,49
2208,1920,12,14,21,27,38,43,15
2209,1919,8,9,18,33,41,43,15
2210,1918,1,5,26,28,40,49,15
2211,1917,3,10,26,33,42,46,44
2212,1916,12,16,31,34,42,48,37
2213,1915,4,11,12,24,35,46,03
